nameseq,maximum_ORF_length,minimum_ORF_length,std_ORF_length,average_ORF_length,cv_ORF_length,maximum_GC_content_ORF,minimum_GC_content_ORF,std_GC_content_ORF,average_GC_content_ORF,cv_GC_content_ORF,label
P1,0,0,0,0,0,0,0,0,0,0,Psi_Site_Chen_MathFeature_Latest_5_0_10_5_1
P2,0,0,0,0,0,0,0,0,0,0,Psi_Site_Chen_MathFeature_Latest_5_0_10_5_1
P3,0,0,0,0,0,0,0,0,0,0,Psi_Site_Chen_MathFeature_Latest_5_0_10_5_1
P4,0,0,0,0,0,0,0,0,0,0,Psi_Site_Chen_MathFeature_Latest_5_0_10_5_1
P5,0,0,0,0,0,0,0,0,0,0,Psi_Site_Chen_MathFeature_Latest_5_0_10_5_1
P6,0,0,0,0,0,0,0,0,0,0,Psi_Site_Chen_MathFeature_Latest_5_0_10_5_1
P7,0,0,0,0,0,0,0,0,0,0,Psi_Site_Chen_MathFeature_Latest_5_0_10_5_1
P8,0,0,0,0,0,0,0,0,0,0,Psi_Site_Chen_MathFeature_Latest_5_0_10_5_1
P9,0,0,0,0,0,0,0,0,0,0,Psi_Site_Chen_MathFeature_Latest_5_0_10_5_1
P10,0,0,0,0,0,0,0,0,0,0,Psi_Site_Chen_MathFeature_Latest_5_0_10_5_1
P11,0,0,0,0,0,0,0,0,0,0,Psi_Site_Chen_MathFeature_Latest_5_0_10_5_1
P12,0,0,0,0,0,0,0,0,0,0,Psi_Site_Chen_MathFeature_Latest_5_0_10_5_1
P13,0,0,0,0,0,0,0,0,0,0,Psi_Site_Chen_MathFeature_Latest_5_0_10_5_1
P14,0,0,0,0,0,0,0,0,0,0,Psi_Site_Chen_MathFeature_Latest_5_0_10_5_1
P15,0,0,0,0,0,0,0,0,0,0,Psi_Site_Chen_MathFeature_Latest_5_0_10_5_1
P16,0,0,0,0,0,0,0,0,0,0,Psi_Site_Chen_MathFeature_Latest_5_0_10_5_1
P17,6,6,0.0,6.0,0.0,33.33333333333333,33.33333333333333,0.0,33.33333333333333,0.0,Psi_Site_Chen_MathFeature_Latest_5_0_10_5_1
P18,0,0,0,0,0,0,0,0,0,0,Psi_Site_Chen_MathFeature_Latest_5_0_10_5_1
P19,0,0,0,0,0,0,0,0,0,0,Psi_Site_Chen_MathFeature_Latest_5_0_10_5_1
P20,0,0,0,0,0,0,0,0,0,0,Psi_Site_Chen_MathFeature_Latest_5_0_10_5_1
P21,0,0,0,0,0,0,0,0,0,0,Psi_Site_Chen_MathFeature_Latest_5_0_10_5_1
P22,0,0,0,0,0,0,0,0,0,0,Psi_Site_Chen_MathFeature_Latest_5_0_10_5_1
P23,0,0,0,0,0,0,0,0,0,0,Psi_Site_Chen_MathFeature_Latest_5_0_10_5_1
P24,0,0,0,0,0,0,0,0,0,0,Psi_Site_Chen_MathFeature_Latest_5_0_10_5_1
P25,0,0,0,0,0,0,0,0,0,0,Psi_Site_Chen_MathFeature_Latest_5_0_10_5_1
P26,0,0,0,0,0,0,0,0,0,0,Psi_Site_Chen_MathFeature_Latest_5_0_10_5_1
P27,0,0,0,0,0,0,0,0,0,0,Psi_Site_Chen_MathFeature_Latest_5_0_10_5_1
P28,0,0,0,0,0,0,0,0,0,0,Psi_Site_Chen_MathFeature_Latest_5_0_10_5_1
P29,0,0,0,0,0,0,0,0,0,0,Psi_Site_Chen_MathFeature_Latest_5_0_10_5_1
P30,0,0,0,0,0,0,0,0,0,0,Psi_Site_Chen_MathFeature_Latest_5_0_10_5_1
P31,0,0,0,0,0,0,0,0,0,0,Psi_Site_Chen_MathFeature_Latest_5_0_10_5_1
P32,0,0,0,0,0,0,0,0,0,0,Psi_Site_Chen_MathFeature_Latest_5_0_10_5_1
P33,0,0,0,0,0,0,0,0,0,0,Psi_Site_Chen_MathFeature_Latest_5_0_10_5_1
P34,0,0,0,0,0,0,0,0,0,0,Psi_Site_Chen_MathFeature_Latest_5_0_10_5_1
P35,0,0,0,0,0,0,0,0,0,0,Psi_Site_Chen_MathFeature_Latest_5_0_10_5_1
P36,0,0,0,0,0,0,0,0,0,0,Psi_Site_Chen_MathFeature_Latest_5_0_10_5_1
P37,0,0,0,0,0,0,0,0,0,0,Psi_Site_Chen_MathFeature_Latest_5_0_10_5_1
P38,0,0,0,0,0,0,0,0,0,0,Psi_Site_Chen_MathFeature_Latest_5_0_10_5_1
P39,0,0,0,0,0,0,0,0,0,0,Psi_Site_Chen_MathFeature_Latest_5_0_10_5_1
P40,0,0,0,0,0,0,0,0,0,0,Psi_Site_Chen_MathFeature_Latest_5_0_10_5_1
P41,0,0,0,0,0,0,0,0,0,0,Psi_Site_Chen_MathFeature_Latest_5_0_10_5_1
P42,6,6,0.0,6.0,0.0,33.33333333333333,33.33333333333333,0.0,33.33333333333333,0.0,Psi_Site_Chen_MathFeature_Latest_5_0_10_5_1
P43,0,0,0,0,0,0,0,0,0,0,Psi_Site_Chen_MathFeature_Latest_5_0_10_5_1
P44,0,0,0,0,0,0,0,0,0,0,Psi_Site_Chen_MathFeature_Latest_5_0_10_5_1
P45,0,0,0,0,0,0,0,0,0,0,Psi_Site_Chen_MathFeature_Latest_5_0_10_5_1
P46,0,0,0,0,0,0,0,0,0,0,Psi_Site_Chen_MathFeature_Latest_5_0_10_5_1
P47,0,0,0,0,0,0,0,0,0,0,Psi_Site_Chen_MathFeature_Latest_5_0_10_5_1
P48,0,0,0,0,0,0,0,0,0,0,Psi_Site_Chen_MathFeature_Latest_5_0_10_5_1
P49,0,0,0,0,0,0,0,0,0,0,Psi_Site_Chen_MathFeature_Latest_5_0_10_5_1
P50,0,0,0,0,0,0,0,0,0,0,Psi_Site_Chen_MathFeature_Latest_5_0_10_5_1
P51,0,0,0,0,0,0,0,0,0,0,Psi_Site_Chen_MathFeature_Latest_5_0_10_5_1
P52,0,0,0,0,0,0,0,0,0,0,Psi_Site_Chen_MathFeature_Latest_5_0_10_5_1
P53,0,0,0,0,0,0,0,0,0,0,Psi_Site_Chen_MathFeature_Latest_5_0_10_5_1
P54,0,0,0,0,0,0,0,0,0,0,Psi_Site_Chen_MathFeature_Latest_5_0_10_5_1
P55,0,0,0,0,0,0,0,0,0,0,Psi_Site_Chen_MathFeature_Latest_5_0_10_5_1
P56,0,0,0,0,0,0,0,0,0,0,Psi_Site_Chen_MathFeature_Latest_5_0_10_5_1
P57,0,0,0,0,0,0,0,0,0,0,Psi_Site_Chen_MathFeature_Latest_5_0_10_5_1
P58,0,0,0,0,0,0,0,0,0,0,Psi_Site_Chen_MathFeature_Latest_5_0_10_5_1
P59,0,0,0,0,0,0,0,0,0,0,Psi_Site_Chen_MathFeature_Latest_5_0_10_5_1
P60,9,9,0.0,9.0,0.0,22.22222222222222,22.22222222222222,0.0,22.22222222222222,0.0,Psi_Site_Chen_MathFeature_Latest_5_0_10_5_1
P61,0,0,0,0,0,0,0,0,0,0,Psi_Site_Chen_MathFeature_Latest_5_0_10_5_1
P62,0,0,0,0,0,0,0,0,0,0,Psi_Site_Chen_MathFeature_Latest_5_0_10_5_1
P63,0,0,0,0,0,0,0,0,0,0,Psi_Site_Chen_MathFeature_Latest_5_0_10_5_1
P64,0,0,0,0,0,0,0,0,0,0,Psi_Site_Chen_MathFeature_Latest_5_0_10_5_1
P65,0,0,0,0,0,0,0,0,0,0,Psi_Site_Chen_MathFeature_Latest_5_0_10_5_1
P66,0,0,0,0,0,0,0,0,0,0,Psi_Site_Chen_MathFeature_Latest_5_0_10_5_1
P67,0,0,0,0,0,0,0,0,0,0,Psi_Site_Chen_MathFeature_Latest_5_0_10_5_1
P68,0,0,0,0,0,0,0,0,0,0,Psi_Site_Chen_MathFeature_Latest_5_0_10_5_1
P69,0,0,0,0,0,0,0,0,0,0,Psi_Site_Chen_MathFeature_Latest_5_0_10_5_1
P70,0,0,0,0,0,0,0,0,0,0,Psi_Site_Chen_MathFeature_Latest_5_0_10_5_1
P71,0,0,0,0,0,0,0,0,0,0,Psi_Site_Chen_MathFeature_Latest_5_0_10_5_1
P72,0,0,0,0,0,0,0,0,0,0,Psi_Site_Chen_MathFeature_Latest_5_0_10_5_1
P73,0,0,0,0,0,0,0,0,0,0,Psi_Site_Chen_MathFeature_Latest_5_0_10_5_1
P74,0,0,0,0,0,0,0,0,0,0,Psi_Site_Chen_MathFeature_Latest_5_0_10_5_1
P75,0,0,0,0,0,0,0,0,0,0,Psi_Site_Chen_MathFeature_Latest_5_0_10_5_1
P76,0,0,0,0,0,0,0,0,0,0,Psi_Site_Chen_MathFeature_Latest_5_0_10_5_1
P77,0,0,0,0,0,0,0,0,0,0,Psi_Site_Chen_MathFeature_Latest_5_0_10_5_1
P78,0,0,0,0,0,0,0,0,0,0,Psi_Site_Chen_MathFeature_Latest_5_0_10_5_1
P79,18,18,0.0,18.0,0.0,33.33333333333333,33.33333333333333,0.0,33.33333333333333,0.0,Psi_Site_Chen_MathFeature_Latest_5_0_10_5_1
P80,0,0,0,0,0,0,0,0,0,0,Psi_Site_Chen_MathFeature_Latest_5_0_10_5_1
P81,0,0,0,0,0,0,0,0,0,0,Psi_Site_Chen_MathFeature_Latest_5_0_10_5_1
P82,0,0,0,0,0,0,0,0,0,0,Psi_Site_Chen_MathFeature_Latest_5_0_10_5_1
P83,0,0,0,0,0,0,0,0,0,0,Psi_Site_Chen_MathFeature_Latest_5_0_10_5_1
P84,0,0,0,0,0,0,0,0,0,0,Psi_Site_Chen_MathFeature_Latest_5_0_10_5_1
P85,6,6,0.0,6.0,0.0,16.666666666666664,16.666666666666664,0.0,16.666666666666664,0.0,Psi_Site_Chen_MathFeature_Latest_5_0_10_5_1
P86,0,0,0,0,0,0,0,0,0,0,Psi_Site_Chen_MathFeature_Latest_5_0_10_5_1
P87,0,0,0,0,0,0,0,0,0,0,Psi_Site_Chen_MathFeature_Latest_5_0_10_5_1
P88,0,0,0,0,0,0,0,0,0,0,Psi_Site_Chen_MathFeature_Latest_5_0_10_5_1
P89,0,0,0,0,0,0,0,0,0,0,Psi_Site_Chen_MathFeature_Latest_5_0_10_5_1
P90,0,0,0,0,0,0,0,0,0,0,Psi_Site_Chen_MathFeature_Latest_5_0_10_5_1
P91,0,0,0,0,0,0,0,0,0,0,Psi_Site_Chen_MathFeature_Latest_5_0_10_5_1
P92,0,0,0,0,0,0,0,0,0,0,Psi_Site_Chen_MathFeature_Latest_5_0_10_5_1
P93,0,0,0,0,0,0,0,0,0,0,Psi_Site_Chen_MathFeature_Latest_5_0_10_5_1
P94,0,0,0,0,0,0,0,0,0,0,Psi_Site_Chen_MathFeature_Latest_5_0_10_5_1
P95,0,0,0,0,0,0,0,0,0,0,Psi_Site_Chen_MathFeature_Latest_5_0_10_5_1
P96,0,0,0,0,0,0,0,0,0,0,Psi_Site_Chen_MathFeature_Latest_5_0_10_5_1
P97,0,0,0,0,0,0,0,0,0,0,Psi_Site_Chen_MathFeature_Latest_5_0_10_5_1
P98,0,0,0,0,0,0,0,0,0,0,Psi_Site_Chen_MathFeature_Latest_5_0_10_5_1
P99,0,0,0,0,0,0,0,0,0,0,Psi_Site_Chen_MathFeature_Latest_5_0_10_5_1
P100,6,6,0.0,6.0,0.0,33.33333333333333,33.33333333333333,0.0,33.33333333333333,0.0,Psi_Site_Chen_MathFeature_Latest_5_0_10_5_1
P101,0,0,0,0,0,0,0,0,0,0,Psi_Site_Chen_MathFeature_Latest_5_0_10_5_1
P102,0,0,0,0,0,0,0,0,0,0,Psi_Site_Chen_MathFeature_Latest_5_0_10_5_1
P103,0,0,0,0,0,0,0,0,0,0,Psi_Site_Chen_MathFeature_Latest_5_0_10_5_1
P104,0,0,0,0,0,0,0,0,0,0,Psi_Site_Chen_MathFeature_Latest_5_0_10_5_1
P105,0,0,0,0,0,0,0,0,0,0,Psi_Site_Chen_MathFeature_Latest_5_0_10_5_1
P106,0,0,0,0,0,0,0,0,0,0,Psi_Site_Chen_MathFeature_Latest_5_0_10_5_1
P107,0,0,0,0,0,0,0,0,0,0,Psi_Site_Chen_MathFeature_Latest_5_0_10_5_1
P108,0,0,0,0,0,0,0,0,0,0,Psi_Site_Chen_MathFeature_Latest_5_0_10_5_1
P109,0,0,0,0,0,0,0,0,0,0,Psi_Site_Chen_MathFeature_Latest_5_0_10_5_1
P110,0,0,0,0,0,0,0,0,0,0,Psi_Site_Chen_MathFeature_Latest_5_0_10_5_1
P111,0,0,0,0,0,0,0,0,0,0,Psi_Site_Chen_MathFeature_Latest_5_0_10_5_1
P112,0,0,0,0,0,0,0,0,0,0,Psi_Site_Chen_MathFeature_Latest_5_0_10_5_1
P113,0,0,0,0,0,0,0,0,0,0,Psi_Site_Chen_MathFeature_Latest_5_0_10_5_1
P114,0,0,0,0,0,0,0,0,0,0,Psi_Site_Chen_MathFeature_Latest_5_0_10_5_1
P115,0,0,0,0,0,0,0,0,0,0,Psi_Site_Chen_MathFeature_Latest_5_0_10_5_1
P116,0,0,0,0,0,0,0,0,0,0,Psi_Site_Chen_MathFeature_Latest_5_0_10_5_1
P117,0,0,0,0,0,0,0,0,0,0,Psi_Site_Chen_MathFeature_Latest_5_0_10_5_1
P118,0,0,0,0,0,0,0,0,0,0,Psi_Site_Chen_MathFeature_Latest_5_0_10_5_1
P119,0,0,0,0,0,0,0,0,0,0,Psi_Site_Chen_MathFeature_Latest_5_0_10_5_1
P120,0,0,0,0,0,0,0,0,0,0,Psi_Site_Chen_MathFeature_Latest_5_0_10_5_1
P121,0,0,0,0,0,0,0,0,0,0,Psi_Site_Chen_MathFeature_Latest_5_0_10_5_1
P122,0,0,0,0,0,0,0,0,0,0,Psi_Site_Chen_MathFeature_Latest_5_0_10_5_1
P123,0,0,0,0,0,0,0,0,0,0,Psi_Site_Chen_MathFeature_Latest_5_0_10_5_1
P124,0,0,0,0,0,0,0,0,0,0,Psi_Site_Chen_MathFeature_Latest_5_0_10_5_1
P125,0,0,0,0,0,0,0,0,0,0,Psi_Site_Chen_MathFeature_Latest_5_0_10_5_1
P126,0,0,0,0,0,0,0,0,0,0,Psi_Site_Chen_MathFeature_Latest_5_0_10_5_1
P127,6,6,0.0,6.0,0.0,16.666666666666664,16.666666666666664,0.0,16.666666666666664,0.0,Psi_Site_Chen_MathFeature_Latest_5_0_10_5_1
P128,0,0,0,0,0,0,0,0,0,0,Psi_Site_Chen_MathFeature_Latest_5_0_10_5_1
P129,0,0,0,0,0,0,0,0,0,0,Psi_Site_Chen_MathFeature_Latest_5_0_10_5_1
P130,0,0,0,0,0,0,0,0,0,0,Psi_Site_Chen_MathFeature_Latest_5_0_10_5_1
P131,0,0,0,0,0,0,0,0,0,0,Psi_Site_Chen_MathFeature_Latest_5_0_10_5_1
P132,0,0,0,0,0,0,0,0,0,0,Psi_Site_Chen_MathFeature_Latest_5_0_10_5_1
P133,0,0,0,0,0,0,0,0,0,0,Psi_Site_Chen_MathFeature_Latest_5_0_10_5_1
P134,0,0,0,0,0,0,0,0,0,0,Psi_Site_Chen_MathFeature_Latest_5_0_10_5_1
P135,0,0,0,0,0,0,0,0,0,0,Psi_Site_Chen_MathFeature_Latest_5_0_10_5_1
P136,0,0,0,0,0,0,0,0,0,0,Psi_Site_Chen_MathFeature_Latest_5_0_10_5_1
P137,0,0,0,0,0,0,0,0,0,0,Psi_Site_Chen_MathFeature_Latest_5_0_10_5_1
P138,0,0,0,0,0,0,0,0,0,0,Psi_Site_Chen_MathFeature_Latest_5_0_10_5_1
P139,0,0,0,0,0,0,0,0,0,0,Psi_Site_Chen_MathFeature_Latest_5_0_10_5_1
P140,0,0,0,0,0,0,0,0,0,0,Psi_Site_Chen_MathFeature_Latest_5_0_10_5_1
P141,0,0,0,0,0,0,0,0,0,0,Psi_Site_Chen_MathFeature_Latest_5_0_10_5_1
P142,0,0,0,0,0,0,0,0,0,0,Psi_Site_Chen_MathFeature_Latest_5_0_10_5_1
P143,0,0,0,0,0,0,0,0,0,0,Psi_Site_Chen_MathFeature_Latest_5_0_10_5_1
P144,0,0,0,0,0,0,0,0,0,0,Psi_Site_Chen_MathFeature_Latest_5_0_10_5_1
P145,0,0,0,0,0,0,0,0,0,0,Psi_Site_Chen_MathFeature_Latest_5_0_10_5_1
P146,0,0,0,0,0,0,0,0,0,0,Psi_Site_Chen_MathFeature_Latest_5_0_10_5_1
P147,0,0,0,0,0,0,0,0,0,0,Psi_Site_Chen_MathFeature_Latest_5_0_10_5_1
P148,0,0,0,0,0,0,0,0,0,0,Psi_Site_Chen_MathFeature_Latest_5_0_10_5_1
P149,0,0,0,0,0,0,0,0,0,0,Psi_Site_Chen_MathFeature_Latest_5_0_10_5_1
P150,0,0,0,0,0,0,0,0,0,0,Psi_Site_Chen_MathFeature_Latest_5_0_10_5_1
P151,0,0,0,0,0,0,0,0,0,0,Psi_Site_Chen_MathFeature_Latest_5_0_10_5_1
P152,0,0,0,0,0,0,0,0,0,0,Psi_Site_Chen_MathFeature_Latest_5_0_10_5_1
P153,0,0,0,0,0,0,0,0,0,0,Psi_Site_Chen_MathFeature_Latest_5_0_10_5_1
P154,0,0,0,0,0,0,0,0,0,0,Psi_Site_Chen_MathFeature_Latest_5_0_10_5_1
P155,0,0,0,0,0,0,0,0,0,0,Psi_Site_Chen_MathFeature_Latest_5_0_10_5_1
P156,0,0,0,0,0,0,0,0,0,0,Psi_Site_Chen_MathFeature_Latest_5_0_10_5_1
P157,0,0,0,0,0,0,0,0,0,0,Psi_Site_Chen_MathFeature_Latest_5_0_10_5_1
P158,0,0,0,0,0,0,0,0,0,0,Psi_Site_Chen_MathFeature_Latest_5_0_10_5_1
P159,0,0,0,0,0,0,0,0,0,0,Psi_Site_Chen_MathFeature_Latest_5_0_10_5_1
P160,0,0,0,0,0,0,0,0,0,0,Psi_Site_Chen_MathFeature_Latest_5_0_10_5_1
P161,0,0,0,0,0,0,0,0,0,0,Psi_Site_Chen_MathFeature_Latest_5_0_10_5_1
P162,0,0,0,0,0,0,0,0,0,0,Psi_Site_Chen_MathFeature_Latest_5_0_10_5_1
P163,0,0,0,0,0,0,0,0,0,0,Psi_Site_Chen_MathFeature_Latest_5_0_10_5_1
P164,0,0,0,0,0,0,0,0,0,0,Psi_Site_Chen_MathFeature_Latest_5_0_10_5_1
P165,0,0,0,0,0,0,0,0,0,0,Psi_Site_Chen_MathFeature_Latest_5_0_10_5_1
P166,0,0,0,0,0,0,0,0,0,0,Psi_Site_Chen_MathFeature_Latest_5_0_10_5_1
P167,0,0,0,0,0,0,0,0,0,0,Psi_Site_Chen_MathFeature_Latest_5_0_10_5_1
P168,0,0,0,0,0,0,0,0,0,0,Psi_Site_Chen_MathFeature_Latest_5_0_10_5_1
P169,0,0,0,0,0,0,0,0,0,0,Psi_Site_Chen_MathFeature_Latest_5_0_10_5_1
P170,0,0,0,0,0,0,0,0,0,0,Psi_Site_Chen_MathFeature_Latest_5_0_10_5_1
P171,0,0,0,0,0,0,0,0,0,0,Psi_Site_Chen_MathFeature_Latest_5_0_10_5_1
P172,0,0,0,0,0,0,0,0,0,0,Psi_Site_Chen_MathFeature_Latest_5_0_10_5_1
P173,0,0,0,0,0,0,0,0,0,0,Psi_Site_Chen_MathFeature_Latest_5_0_10_5_1
P174,0,0,0,0,0,0,0,0,0,0,Psi_Site_Chen_MathFeature_Latest_5_0_10_5_1
P175,0,0,0,0,0,0,0,0,0,0,Psi_Site_Chen_MathFeature_Latest_5_0_10_5_1
P176,0,0,0,0,0,0,0,0,0,0,Psi_Site_Chen_MathFeature_Latest_5_0_10_5_1
P177,0,0,0,0,0,0,0,0,0,0,Psi_Site_Chen_MathFeature_Latest_5_0_10_5_1
P178,0,0,0,0,0,0,0,0,0,0,Psi_Site_Chen_MathFeature_Latest_5_0_10_5_1
P179,0,0,0,0,0,0,0,0,0,0,Psi_Site_Chen_MathFeature_Latest_5_0_10_5_1
P180,0,0,0,0,0,0,0,0,0,0,Psi_Site_Chen_MathFeature_Latest_5_0_10_5_1
P181,0,0,0,0,0,0,0,0,0,0,Psi_Site_Chen_MathFeature_Latest_5_0_10_5_1
P182,0,0,0,0,0,0,0,0,0,0,Psi_Site_Chen_MathFeature_Latest_5_0_10_5_1
P183,0,0,0,0,0,0,0,0,0,0,Psi_Site_Chen_MathFeature_Latest_5_0_10_5_1
P184,0,0,0,0,0,0,0,0,0,0,Psi_Site_Chen_MathFeature_Latest_5_0_10_5_1
P185,0,0,0,0,0,0,0,0,0,0,Psi_Site_Chen_MathFeature_Latest_5_0_10_5_1
P186,0,0,0,0,0,0,0,0,0,0,Psi_Site_Chen_MathFeature_Latest_5_0_10_5_1
P187,0,0,0,0,0,0,0,0,0,0,Psi_Site_Chen_MathFeature_Latest_5_0_10_5_1
P188,0,0,0,0,0,0,0,0,0,0,Psi_Site_Chen_MathFeature_Latest_5_0_10_5_1
P189,0,0,0,0,0,0,0,0,0,0,Psi_Site_Chen_MathFeature_Latest_5_0_10_5_1
P190,0,0,0,0,0,0,0,0,0,0,Psi_Site_Chen_MathFeature_Latest_5_0_10_5_1
P191,0,0,0,0,0,0,0,0,0,0,Psi_Site_Chen_MathFeature_Latest_5_0_10_5_1
P192,0,0,0,0,0,0,0,0,0,0,Psi_Site_Chen_MathFeature_Latest_5_0_10_5_1
P193,0,0,0,0,0,0,0,0,0,0,Psi_Site_Chen_MathFeature_Latest_5_0_10_5_1
P194,0,0,0,0,0,0,0,0,0,0,Psi_Site_Chen_MathFeature_Latest_5_0_10_5_1
P195,0,0,0,0,0,0,0,0,0,0,Psi_Site_Chen_MathFeature_Latest_5_0_10_5_1
P196,0,0,0,0,0,0,0,0,0,0,Psi_Site_Chen_MathFeature_Latest_5_0_10_5_1
P197,0,0,0,0,0,0,0,0,0,0,Psi_Site_Chen_MathFeature_Latest_5_0_10_5_1
P198,0,0,0,0,0,0,0,0,0,0,Psi_Site_Chen_MathFeature_Latest_5_0_10_5_1
P199,0,0,0,0,0,0,0,0,0,0,Psi_Site_Chen_MathFeature_Latest_5_0_10_5_1
P200,0,0,0,0,0,0,0,0,0,0,Psi_Site_Chen_MathFeature_Latest_5_0_10_5_1
P201,0,0,0,0,0,0,0,0,0,0,Psi_Site_Chen_MathFeature_Latest_5_0_10_5_1
P202,0,0,0,0,0,0,0,0,0,0,Psi_Site_Chen_MathFeature_Latest_5_0_10_5_1
P203,0,0,0,0,0,0,0,0,0,0,Psi_Site_Chen_MathFeature_Latest_5_0_10_5_1
P204,0,0,0,0,0,0,0,0,0,0,Psi_Site_Chen_MathFeature_Latest_5_0_10_5_1
P205,6,6,0.0,6.0,0.0,33.33333333333333,33.33333333333333,0.0,33.33333333333333,0.0,Psi_Site_Chen_MathFeature_Latest_5_0_10_5_1
P206,0,0,0,0,0,0,0,0,0,0,Psi_Site_Chen_MathFeature_Latest_5_0_10_5_1
P207,0,0,0,0,0,0,0,0,0,0,Psi_Site_Chen_MathFeature_Latest_5_0_10_5_1
P208,0,0,0,0,0,0,0,0,0,0,Psi_Site_Chen_MathFeature_Latest_5_0_10_5_1
P209,0,0,0,0,0,0,0,0,0,0,Psi_Site_Chen_MathFeature_Latest_5_0_10_5_1
P210,0,0,0,0,0,0,0,0,0,0,Psi_Site_Chen_MathFeature_Latest_5_0_10_5_1
P211,0,0,0,0,0,0,0,0,0,0,Psi_Site_Chen_MathFeature_Latest_5_0_10_5_1
P212,0,0,0,0,0,0,0,0,0,0,Psi_Site_Chen_MathFeature_Latest_5_0_10_5_1
P213,0,0,0,0,0,0,0,0,0,0,Psi_Site_Chen_MathFeature_Latest_5_0_10_5_1
P214,0,0,0,0,0,0,0,0,0,0,Psi_Site_Chen_MathFeature_Latest_5_0_10_5_1
P215,0,0,0,0,0,0,0,0,0,0,Psi_Site_Chen_MathFeature_Latest_5_0_10_5_1
P216,0,0,0,0,0,0,0,0,0,0,Psi_Site_Chen_MathFeature_Latest_5_0_10_5_1
P217,0,0,0,0,0,0,0,0,0,0,Psi_Site_Chen_MathFeature_Latest_5_0_10_5_1
P218,0,0,0,0,0,0,0,0,0,0,Psi_Site_Chen_MathFeature_Latest_5_0_10_5_1
P219,0,0,0,0,0,0,0,0,0,0,Psi_Site_Chen_MathFeature_Latest_5_0_10_5_1
P220,0,0,0,0,0,0,0,0,0,0,Psi_Site_Chen_MathFeature_Latest_5_0_10_5_1
P221,9,9,0.0,9.0,0.0,22.22222222222222,22.22222222222222,0.0,22.22222222222222,0.0,Psi_Site_Chen_MathFeature_Latest_5_0_10_5_1
P222,0,0,0,0,0,0,0,0,0,0,Psi_Site_Chen_MathFeature_Latest_5_0_10_5_1
P223,0,0,0,0,0,0,0,0,0,0,Psi_Site_Chen_MathFeature_Latest_5_0_10_5_1
P224,0,0,0,0,0,0,0,0,0,0,Psi_Site_Chen_MathFeature_Latest_5_0_10_5_1
P225,0,0,0,0,0,0,0,0,0,0,Psi_Site_Chen_MathFeature_Latest_5_0_10_5_1
P226,0,0,0,0,0,0,0,0,0,0,Psi_Site_Chen_MathFeature_Latest_5_0_10_5_1
P227,0,0,0,0,0,0,0,0,0,0,Psi_Site_Chen_MathFeature_Latest_5_0_10_5_1
P228,0,0,0,0,0,0,0,0,0,0,Psi_Site_Chen_MathFeature_Latest_5_0_10_5_1
P229,0,0,0,0,0,0,0,0,0,0,Psi_Site_Chen_MathFeature_Latest_5_0_10_5_1
P230,0,0,0,0,0,0,0,0,0,0,Psi_Site_Chen_MathFeature_Latest_5_0_10_5_1
P231,0,0,0,0,0,0,0,0,0,0,Psi_Site_Chen_MathFeature_Latest_5_0_10_5_1
P232,0,0,0,0,0,0,0,0,0,0,Psi_Site_Chen_MathFeature_Latest_5_0_10_5_1
P233,0,0,0,0,0,0,0,0,0,0,Psi_Site_Chen_MathFeature_Latest_5_0_10_5_1
P234,0,0,0,0,0,0,0,0,0,0,Psi_Site_Chen_MathFeature_Latest_5_0_10_5_1
P235,0,0,0,0,0,0,0,0,0,0,Psi_Site_Chen_MathFeature_Latest_5_0_10_5_1
P236,0,0,0,0,0,0,0,0,0,0,Psi_Site_Chen_MathFeature_Latest_5_0_10_5_1
P237,9,9,0.0,9.0,0.0,22.22222222222222,22.22222222222222,0.0,22.22222222222222,0.0,Psi_Site_Chen_MathFeature_Latest_5_0_10_5_1
P238,0,0,0,0,0,0,0,0,0,0,Psi_Site_Chen_MathFeature_Latest_5_0_10_5_1
P239,0,0,0,0,0,0,0,0,0,0,Psi_Site_Chen_MathFeature_Latest_5_0_10_5_1
P240,0,0,0,0,0,0,0,0,0,0,Psi_Site_Chen_MathFeature_Latest_5_0_10_5_1
P241,0,0,0,0,0,0,0,0,0,0,Psi_Site_Chen_MathFeature_Latest_5_0_10_5_1
P242,0,0,0,0,0,0,0,0,0,0,Psi_Site_Chen_MathFeature_Latest_5_0_10_5_1
P243,0,0,0,0,0,0,0,0,0,0,Psi_Site_Chen_MathFeature_Latest_5_0_10_5_1
P244,0,0,0,0,0,0,0,0,0,0,Psi_Site_Chen_MathFeature_Latest_5_0_10_5_1
P245,0,0,0,0,0,0,0,0,0,0,Psi_Site_Chen_MathFeature_Latest_5_0_10_5_1
P246,0,0,0,0,0,0,0,0,0,0,Psi_Site_Chen_MathFeature_Latest_5_0_10_5_1
P247,0,0,0,0,0,0,0,0,0,0,Psi_Site_Chen_MathFeature_Latest_5_0_10_5_1
P248,12,12,0.0,12.0,0.0,33.33333333333333,33.33333333333333,0.0,33.33333333333333,0.0,Psi_Site_Chen_MathFeature_Latest_5_0_10_5_1
P249,0,0,0,0,0,0,0,0,0,0,Psi_Site_Chen_MathFeature_Latest_5_0_10_5_1
P250,0,0,0,0,0,0,0,0,0,0,Psi_Site_Chen_MathFeature_Latest_5_0_10_5_1
P251,0,0,0,0,0,0,0,0,0,0,Psi_Site_Chen_MathFeature_Latest_5_0_10_5_1
P252,0,0,0,0,0,0,0,0,0,0,Psi_Site_Chen_MathFeature_Latest_5_0_10_5_1
P253,0,0,0,0,0,0,0,0,0,0,Psi_Site_Chen_MathFeature_Latest_5_0_10_5_1
P254,0,0,0,0,0,0,0,0,0,0,Psi_Site_Chen_MathFeature_Latest_5_0_10_5_1
P255,0,0,0,0,0,0,0,0,0,0,Psi_Site_Chen_MathFeature_Latest_5_0_10_5_1
P256,0,0,0,0,0,0,0,0,0,0,Psi_Site_Chen_MathFeature_Latest_5_0_10_5_1
P257,0,0,0,0,0,0,0,0,0,0,Psi_Site_Chen_MathFeature_Latest_5_0_10_5_1
P258,0,0,0,0,0,0,0,0,0,0,Psi_Site_Chen_MathFeature_Latest_5_0_10_5_1
P259,0,0,0,0,0,0,0,0,0,0,Psi_Site_Chen_MathFeature_Latest_5_0_10_5_1
P260,0,0,0,0,0,0,0,0,0,0,Psi_Site_Chen_MathFeature_Latest_5_0_10_5_1
P261,0,0,0,0,0,0,0,0,0,0,Psi_Site_Chen_MathFeature_Latest_5_0_10_5_1
P262,15,15,0.0,15.0,0.0,33.33333333333333,33.33333333333333,0.0,33.33333333333333,0.0,Psi_Site_Chen_MathFeature_Latest_5_0_10_5_1
P263,0,0,0,0,0,0,0,0,0,0,Psi_Site_Chen_MathFeature_Latest_5_0_10_5_1
P264,0,0,0,0,0,0,0,0,0,0,Psi_Site_Chen_MathFeature_Latest_5_0_10_5_1
P265,0,0,0,0,0,0,0,0,0,0,Psi_Site_Chen_MathFeature_Latest_5_0_10_5_1
P266,0,0,0,0,0,0,0,0,0,0,Psi_Site_Chen_MathFeature_Latest_5_0_10_5_1
P267,0,0,0,0,0,0,0,0,0,0,Psi_Site_Chen_MathFeature_Latest_5_0_10_5_1
P268,0,0,0,0,0,0,0,0,0,0,Psi_Site_Chen_MathFeature_Latest_5_0_10_5_1
P269,0,0,0,0,0,0,0,0,0,0,Psi_Site_Chen_MathFeature_Latest_5_0_10_5_1
P270,0,0,0,0,0,0,0,0,0,0,Psi_Site_Chen_MathFeature_Latest_5_0_10_5_1
P271,0,0,0,0,0,0,0,0,0,0,Psi_Site_Chen_MathFeature_Latest_5_0_10_5_1
P272,0,0,0,0,0,0,0,0,0,0,Psi_Site_Chen_MathFeature_Latest_5_0_10_5_1
P273,0,0,0,0,0,0,0,0,0,0,Psi_Site_Chen_MathFeature_Latest_5_0_10_5_1
P274,0,0,0,0,0,0,0,0,0,0,Psi_Site_Chen_MathFeature_Latest_5_0_10_5_1
P275,0,0,0,0,0,0,0,0,0,0,Psi_Site_Chen_MathFeature_Latest_5_0_10_5_1
P276,0,0,0,0,0,0,0,0,0,0,Psi_Site_Chen_MathFeature_Latest_5_0_10_5_1
P277,0,0,0,0,0,0,0,0,0,0,Psi_Site_Chen_MathFeature_Latest_5_0_10_5_1
P278,0,0,0,0,0,0,0,0,0,0,Psi_Site_Chen_MathFeature_Latest_5_0_10_5_1
P279,0,0,0,0,0,0,0,0,0,0,Psi_Site_Chen_MathFeature_Latest_5_0_10_5_1
P280,0,0,0,0,0,0,0,0,0,0,Psi_Site_Chen_MathFeature_Latest_5_0_10_5_1
P281,0,0,0,0,0,0,0,0,0,0,Psi_Site_Chen_MathFeature_Latest_5_0_10_5_1
P282,6,6,0.0,6.0,0.0,33.33333333333333,33.33333333333333,0.0,33.33333333333333,0.0,Psi_Site_Chen_MathFeature_Latest_5_0_10_5_1
P283,0,0,0,0,0,0,0,0,0,0,Psi_Site_Chen_MathFeature_Latest_5_0_10_5_1
P284,0,0,0,0,0,0,0,0,0,0,Psi_Site_Chen_MathFeature_Latest_5_0_10_5_1
P285,0,0,0,0,0,0,0,0,0,0,Psi_Site_Chen_MathFeature_Latest_5_0_10_5_1
P286,0,0,0,0,0,0,0,0,0,0,Psi_Site_Chen_MathFeature_Latest_5_0_10_5_1
P287,0,0,0,0,0,0,0,0,0,0,Psi_Site_Chen_MathFeature_Latest_5_0_10_5_1
P288,0,0,0,0,0,0,0,0,0,0,Psi_Site_Chen_MathFeature_Latest_5_0_10_5_1
P289,0,0,0,0,0,0,0,0,0,0,Psi_Site_Chen_MathFeature_Latest_5_0_10_5_1
P290,0,0,0,0,0,0,0,0,0,0,Psi_Site_Chen_MathFeature_Latest_5_0_10_5_1
P291,0,0,0,0,0,0,0,0,0,0,Psi_Site_Chen_MathFeature_Latest_5_0_10_5_1
P292,0,0,0,0,0,0,0,0,0,0,Psi_Site_Chen_MathFeature_Latest_5_0_10_5_1
P293,0,0,0,0,0,0,0,0,0,0,Psi_Site_Chen_MathFeature_Latest_5_0_10_5_1
P294,0,0,0,0,0,0,0,0,0,0,Psi_Site_Chen_MathFeature_Latest_5_0_10_5_1
P295,0,0,0,0,0,0,0,0,0,0,Psi_Site_Chen_MathFeature_Latest_5_0_10_5_1
P296,18,18,0.0,18.0,0.0,33.33333333333333,33.33333333333333,0.0,33.33333333333333,0.0,Psi_Site_Chen_MathFeature_Latest_5_0_10_5_1
P297,0,0,0,0,0,0,0,0,0,0,Psi_Site_Chen_MathFeature_Latest_5_0_10_5_1
P298,0,0,0,0,0,0,0,0,0,0,Psi_Site_Chen_MathFeature_Latest_5_0_10_5_1
P299,15,15,0.0,15.0,0.0,46.666666666666664,46.666666666666664,0.0,46.666666666666664,0.0,Psi_Site_Chen_MathFeature_Latest_5_0_10_5_1
P300,0,0,0,0,0,0,0,0,0,0,Psi_Site_Chen_MathFeature_Latest_5_0_10_5_1
P301,0,0,0,0,0,0,0,0,0,0,Psi_Site_Chen_MathFeature_Latest_5_0_10_5_1
P302,0,0,0,0,0,0,0,0,0,0,Psi_Site_Chen_MathFeature_Latest_5_0_10_5_1
P303,0,0,0,0,0,0,0,0,0,0,Psi_Site_Chen_MathFeature_Latest_5_0_10_5_1
P304,0,0,0,0,0,0,0,0,0,0,Psi_Site_Chen_MathFeature_Latest_5_0_10_5_1
P305,0,0,0,0,0,0,0,0,0,0,Psi_Site_Chen_MathFeature_Latest_5_0_10_5_1
P306,0,0,0,0,0,0,0,0,0,0,Psi_Site_Chen_MathFeature_Latest_5_0_10_5_1
P307,0,0,0,0,0,0,0,0,0,0,Psi_Site_Chen_MathFeature_Latest_5_0_10_5_1
P308,0,0,0,0,0,0,0,0,0,0,Psi_Site_Chen_MathFeature_Latest_5_0_10_5_1
P309,0,0,0,0,0,0,0,0,0,0,Psi_Site_Chen_MathFeature_Latest_5_0_10_5_1
P310,0,0,0,0,0,0,0,0,0,0,Psi_Site_Chen_MathFeature_Latest_5_0_10_5_1
P311,0,0,0,0,0,0,0,0,0,0,Psi_Site_Chen_MathFeature_Latest_5_0_10_5_1
P312,0,0,0,0,0,0,0,0,0,0,Psi_Site_Chen_MathFeature_Latest_5_0_10_5_1
P313,0,0,0,0,0,0,0,0,0,0,Psi_Site_Chen_MathFeature_Latest_5_0_10_5_1
P314,0,0,0,0,0,0,0,0,0,0,Psi_Site_Chen_MathFeature_Latest_5_0_10_5_1
P315,0,0,0,0,0,0,0,0,0,0,Psi_Site_Chen_MathFeature_Latest_5_0_10_5_1
P316,0,0,0,0,0,0,0,0,0,0,Psi_Site_Chen_MathFeature_Latest_5_0_10_5_1
P317,0,0,0,0,0,0,0,0,0,0,Psi_Site_Chen_MathFeature_Latest_5_0_10_5_1
P318,0,0,0,0,0,0,0,0,0,0,Psi_Site_Chen_MathFeature_Latest_5_0_10_5_1
P319,0,0,0,0,0,0,0,0,0,0,Psi_Site_Chen_MathFeature_Latest_5_0_10_5_1
P320,0,0,0,0,0,0,0,0,0,0,Psi_Site_Chen_MathFeature_Latest_5_0_10_5_1
P321,0,0,0,0,0,0,0,0,0,0,Psi_Site_Chen_MathFeature_Latest_5_0_10_5_1
P322,0,0,0,0,0,0,0,0,0,0,Psi_Site_Chen_MathFeature_Latest_5_0_10_5_1
P323,0,0,0,0,0,0,0,0,0,0,Psi_Site_Chen_MathFeature_Latest_5_0_10_5_1
P324,0,0,0,0,0,0,0,0,0,0,Psi_Site_Chen_MathFeature_Latest_5_0_10_5_1
P325,0,0,0,0,0,0,0,0,0,0,Psi_Site_Chen_MathFeature_Latest_5_0_10_5_1
P326,0,0,0,0,0,0,0,0,0,0,Psi_Site_Chen_MathFeature_Latest_5_0_10_5_1
P327,0,0,0,0,0,0,0,0,0,0,Psi_Site_Chen_MathFeature_Latest_5_0_10_5_1
P328,0,0,0,0,0,0,0,0,0,0,Psi_Site_Chen_MathFeature_Latest_5_0_10_5_1
P329,0,0,0,0,0,0,0,0,0,0,Psi_Site_Chen_MathFeature_Latest_5_0_10_5_1
P330,0,0,0,0,0,0,0,0,0,0,Psi_Site_Chen_MathFeature_Latest_5_0_10_5_1
P331,0,0,0,0,0,0,0,0,0,0,Psi_Site_Chen_MathFeature_Latest_5_0_10_5_1
P332,0,0,0,0,0,0,0,0,0,0,Psi_Site_Chen_MathFeature_Latest_5_0_10_5_1
P333,0,0,0,0,0,0,0,0,0,0,Psi_Site_Chen_MathFeature_Latest_5_0_10_5_1
P334,0,0,0,0,0,0,0,0,0,0,Psi_Site_Chen_MathFeature_Latest_5_0_10_5_1
P335,9,9,0.0,9.0,0.0,33.33333333333333,33.33333333333333,0.0,33.33333333333333,0.0,Psi_Site_Chen_MathFeature_Latest_5_0_10_5_1
P336,0,0,0,0,0,0,0,0,0,0,Psi_Site_Chen_MathFeature_Latest_5_0_10_5_1
P337,0,0,0,0,0,0,0,0,0,0,Psi_Site_Chen_MathFeature_Latest_5_0_10_5_1
P338,0,0,0,0,0,0,0,0,0,0,Psi_Site_Chen_MathFeature_Latest_5_0_10_5_1
P339,0,0,0,0,0,0,0,0,0,0,Psi_Site_Chen_MathFeature_Latest_5_0_10_5_1
P340,0,0,0,0,0,0,0,0,0,0,Psi_Site_Chen_MathFeature_Latest_5_0_10_5_1
P341,0,0,0,0,0,0,0,0,0,0,Psi_Site_Chen_MathFeature_Latest_5_0_10_5_1
P342,0,0,0,0,0,0,0,0,0,0,Psi_Site_Chen_MathFeature_Latest_5_0_10_5_1
P343,0,0,0,0,0,0,0,0,0,0,Psi_Site_Chen_MathFeature_Latest_5_0_10_5_1
P344,0,0,0,0,0,0,0,0,0,0,Psi_Site_Chen_MathFeature_Latest_5_0_10_5_1
P345,0,0,0,0,0,0,0,0,0,0,Psi_Site_Chen_MathFeature_Latest_5_0_10_5_1
P346,0,0,0,0,0,0,0,0,0,0,Psi_Site_Chen_MathFeature_Latest_5_0_10_5_1
P347,12,12,0.0,12.0,0.0,25.0,25.0,0.0,25.0,0.0,Psi_Site_Chen_MathFeature_Latest_5_0_10_5_1
P348,0,0,0,0,0,0,0,0,0,0,Psi_Site_Chen_MathFeature_Latest_5_0_10_5_1
P349,0,0,0,0,0,0,0,0,0,0,Psi_Site_Chen_MathFeature_Latest_5_0_10_5_1
P350,0,0,0,0,0,0,0,0,0,0,Psi_Site_Chen_MathFeature_Latest_5_0_10_5_1
P351,0,0,0,0,0,0,0,0,0,0,Psi_Site_Chen_MathFeature_Latest_5_0_10_5_1
P352,0,0,0,0,0,0,0,0,0,0,Psi_Site_Chen_MathFeature_Latest_5_0_10_5_1
P353,0,0,0,0,0,0,0,0,0,0,Psi_Site_Chen_MathFeature_Latest_5_0_10_5_1
P354,0,0,0,0,0,0,0,0,0,0,Psi_Site_Chen_MathFeature_Latest_5_0_10_5_1
P355,12,9,1.5,10.5,0.14285714285714285,33.33333333333333,25.0,4.166666666666664,29.166666666666664,0.1428571428571428,Psi_Site_Chen_MathFeature_Latest_5_0_10_5_1
P356,0,0,0,0,0,0,0,0,0,0,Psi_Site_Chen_MathFeature_Latest_5_0_10_5_1
P357,0,0,0,0,0,0,0,0,0,0,Psi_Site_Chen_MathFeature_Latest_5_0_10_5_1
P358,0,0,0,0,0,0,0,0,0,0,Psi_Site_Chen_MathFeature_Latest_5_0_10_5_1
P359,0,0,0,0,0,0,0,0,0,0,Psi_Site_Chen_MathFeature_Latest_5_0_10_5_1
P360,0,0,0,0,0,0,0,0,0,0,Psi_Site_Chen_MathFeature_Latest_5_0_10_5_1
P361,0,0,0,0,0,0,0,0,0,0,Psi_Site_Chen_MathFeature_Latest_5_0_10_5_1
P362,0,0,0,0,0,0,0,0,0,0,Psi_Site_Chen_MathFeature_Latest_5_0_10_5_1
P363,0,0,0,0,0,0,0,0,0,0,Psi_Site_Chen_MathFeature_Latest_5_0_10_5_1
P364,0,0,0,0,0,0,0,0,0,0,Psi_Site_Chen_MathFeature_Latest_5_0_10_5_1
P365,0,0,0,0,0,0,0,0,0,0,Psi_Site_Chen_MathFeature_Latest_5_0_10_5_1
P366,0,0,0,0,0,0,0,0,0,0,Psi_Site_Chen_MathFeature_Latest_5_0_10_5_1
P367,0,0,0,0,0,0,0,0,0,0,Psi_Site_Chen_MathFeature_Latest_5_0_10_5_1
P368,0,0,0,0,0,0,0,0,0,0,Psi_Site_Chen_MathFeature_Latest_5_0_10_5_1
P369,0,0,0,0,0,0,0,0,0,0,Psi_Site_Chen_MathFeature_Latest_5_0_10_5_1
P370,0,0,0,0,0,0,0,0,0,0,Psi_Site_Chen_MathFeature_Latest_5_0_10_5_1
P371,0,0,0,0,0,0,0,0,0,0,Psi_Site_Chen_MathFeature_Latest_5_0_10_5_1
P372,0,0,0,0,0,0,0,0,0,0,Psi_Site_Chen_MathFeature_Latest_5_0_10_5_1
P373,0,0,0,0,0,0,0,0,0,0,Psi_Site_Chen_MathFeature_Latest_5_0_10_5_1
P374,0,0,0,0,0,0,0,0,0,0,Psi_Site_Chen_MathFeature_Latest_5_0_10_5_1
P375,0,0,0,0,0,0,0,0,0,0,Psi_Site_Chen_MathFeature_Latest_5_0_10_5_1
P376,0,0,0,0,0,0,0,0,0,0,Psi_Site_Chen_MathFeature_Latest_5_0_10_5_1
P377,0,0,0,0,0,0,0,0,0,0,Psi_Site_Chen_MathFeature_Latest_5_0_10_5_1
P378,0,0,0,0,0,0,0,0,0,0,Psi_Site_Chen_MathFeature_Latest_5_0_10_5_1
P379,0,0,0,0,0,0,0,0,0,0,Psi_Site_Chen_MathFeature_Latest_5_0_10_5_1
P380,0,0,0,0,0,0,0,0,0,0,Psi_Site_Chen_MathFeature_Latest_5_0_10_5_1
P381,0,0,0,0,0,0,0,0,0,0,Psi_Site_Chen_MathFeature_Latest_5_0_10_5_1
P382,0,0,0,0,0,0,0,0,0,0,Psi_Site_Chen_MathFeature_Latest_5_0_10_5_1
P383,0,0,0,0,0,0,0,0,0,0,Psi_Site_Chen_MathFeature_Latest_5_0_10_5_1
P384,0,0,0,0,0,0,0,0,0,0,Psi_Site_Chen_MathFeature_Latest_5_0_10_5_1
P385,0,0,0,0,0,0,0,0,0,0,Psi_Site_Chen_MathFeature_Latest_5_0_10_5_1
P386,0,0,0,0,0,0,0,0,0,0,Psi_Site_Chen_MathFeature_Latest_5_0_10_5_1
P387,0,0,0,0,0,0,0,0,0,0,Psi_Site_Chen_MathFeature_Latest_5_0_10_5_1
P388,0,0,0,0,0,0,0,0,0,0,Psi_Site_Chen_MathFeature_Latest_5_0_10_5_1
P389,0,0,0,0,0,0,0,0,0,0,Psi_Site_Chen_MathFeature_Latest_5_0_10_5_1
P390,0,0,0,0,0,0,0,0,0,0,Psi_Site_Chen_MathFeature_Latest_5_0_10_5_1
P391,0,0,0,0,0,0,0,0,0,0,Psi_Site_Chen_MathFeature_Latest_5_0_10_5_1
P392,0,0,0,0,0,0,0,0,0,0,Psi_Site_Chen_MathFeature_Latest_5_0_10_5_1
P393,0,0,0,0,0,0,0,0,0,0,Psi_Site_Chen_MathFeature_Latest_5_0_10_5_1
P394,6,6,0.0,6.0,0.0,33.33333333333333,33.33333333333333,0.0,33.33333333333333,0.0,Psi_Site_Chen_MathFeature_Latest_5_0_10_5_1
P395,0,0,0,0,0,0,0,0,0,0,Psi_Site_Chen_MathFeature_Latest_5_0_10_5_1
P396,6,6,0.0,6.0,0.0,33.33333333333333,33.33333333333333,0.0,33.33333333333333,0.0,Psi_Site_Chen_MathFeature_Latest_5_0_10_5_1
P397,0,0,0,0,0,0,0,0,0,0,Psi_Site_Chen_MathFeature_Latest_5_0_10_5_1
P398,12,12,0.0,12.0,0.0,25.0,25.0,0.0,25.0,0.0,Psi_Site_Chen_MathFeature_Latest_5_0_10_5_1
P399,0,0,0,0,0,0,0,0,0,0,Psi_Site_Chen_MathFeature_Latest_5_0_10_5_1
P400,0,0,0,0,0,0,0,0,0,0,Psi_Site_Chen_MathFeature_Latest_5_0_10_5_1
P401,0,0,0,0,0,0,0,0,0,0,Psi_Site_Chen_MathFeature_Latest_5_0_10_5_1
P402,0,0,0,0,0,0,0,0,0,0,Psi_Site_Chen_MathFeature_Latest_5_0_10_5_1
P403,0,0,0,0,0,0,0,0,0,0,Psi_Site_Chen_MathFeature_Latest_5_0_10_5_1
P404,0,0,0,0,0,0,0,0,0,0,Psi_Site_Chen_MathFeature_Latest_5_0_10_5_1
P405,0,0,0,0,0,0,0,0,0,0,Psi_Site_Chen_MathFeature_Latest_5_0_10_5_1
P406,6,6,0.0,6.0,0.0,33.33333333333333,33.33333333333333,0.0,33.33333333333333,0.0,Psi_Site_Chen_MathFeature_Latest_5_0_10_5_1
P407,0,0,0,0,0,0,0,0,0,0,Psi_Site_Chen_MathFeature_Latest_5_0_10_5_1
P408,0,0,0,0,0,0,0,0,0,0,Psi_Site_Chen_MathFeature_Latest_5_0_10_5_1
P409,0,0,0,0,0,0,0,0,0,0,Psi_Site_Chen_MathFeature_Latest_5_0_10_5_1
P410,0,0,0,0,0,0,0,0,0,0,Psi_Site_Chen_MathFeature_Latest_5_0_10_5_1
P411,0,0,0,0,0,0,0,0,0,0,Psi_Site_Chen_MathFeature_Latest_5_0_10_5_1
P412,0,0,0,0,0,0,0,0,0,0,Psi_Site_Chen_MathFeature_Latest_5_0_10_5_1
P413,0,0,0,0,0,0,0,0,0,0,Psi_Site_Chen_MathFeature_Latest_5_0_10_5_1
P414,0,0,0,0,0,0,0,0,0,0,Psi_Site_Chen_MathFeature_Latest_5_0_10_5_1
P415,0,0,0,0,0,0,0,0,0,0,Psi_Site_Chen_MathFeature_Latest_5_0_10_5_1
P416,0,0,0,0,0,0,0,0,0,0,Psi_Site_Chen_MathFeature_Latest_5_0_10_5_1
P417,0,0,0,0,0,0,0,0,0,0,Psi_Site_Chen_MathFeature_Latest_5_0_10_5_1
P418,0,0,0,0,0,0,0,0,0,0,Psi_Site_Chen_MathFeature_Latest_5_0_10_5_1
P419,0,0,0,0,0,0,0,0,0,0,Psi_Site_Chen_MathFeature_Latest_5_0_10_5_1
P420,0,0,0,0,0,0,0,0,0,0,Psi_Site_Chen_MathFeature_Latest_5_0_10_5_1
P421,0,0,0,0,0,0,0,0,0,0,Psi_Site_Chen_MathFeature_Latest_5_0_10_5_1
P422,0,0,0,0,0,0,0,0,0,0,Psi_Site_Chen_MathFeature_Latest_5_0_10_5_1
P423,0,0,0,0,0,0,0,0,0,0,Psi_Site_Chen_MathFeature_Latest_5_0_10_5_1
P424,0,0,0,0,0,0,0,0,0,0,Psi_Site_Chen_MathFeature_Latest_5_0_10_5_1
P425,0,0,0,0,0,0,0,0,0,0,Psi_Site_Chen_MathFeature_Latest_5_0_10_5_1
P426,0,0,0,0,0,0,0,0,0,0,Psi_Site_Chen_MathFeature_Latest_5_0_10_5_1
P427,0,0,0,0,0,0,0,0,0,0,Psi_Site_Chen_MathFeature_Latest_5_0_10_5_1
P428,0,0,0,0,0,0,0,0,0,0,Psi_Site_Chen_MathFeature_Latest_5_0_10_5_1
P429,0,0,0,0,0,0,0,0,0,0,Psi_Site_Chen_MathFeature_Latest_5_0_10_5_1
P430,0,0,0,0,0,0,0,0,0,0,Psi_Site_Chen_MathFeature_Latest_5_0_10_5_1
P431,0,0,0,0,0,0,0,0,0,0,Psi_Site_Chen_MathFeature_Latest_5_0_10_5_1
P432,0,0,0,0,0,0,0,0,0,0,Psi_Site_Chen_MathFeature_Latest_5_0_10_5_1
P433,0,0,0,0,0,0,0,0,0,0,Psi_Site_Chen_MathFeature_Latest_5_0_10_5_1
P434,0,0,0,0,0,0,0,0,0,0,Psi_Site_Chen_MathFeature_Latest_5_0_10_5_1
P435,0,0,0,0,0,0,0,0,0,0,Psi_Site_Chen_MathFeature_Latest_5_0_10_5_1
P436,0,0,0,0,0,0,0,0,0,0,Psi_Site_Chen_MathFeature_Latest_5_0_10_5_1
P437,0,0,0,0,0,0,0,0,0,0,Psi_Site_Chen_MathFeature_Latest_5_0_10_5_1
P438,0,0,0,0,0,0,0,0,0,0,Psi_Site_Chen_MathFeature_Latest_5_0_10_5_1
P439,0,0,0,0,0,0,0,0,0,0,Psi_Site_Chen_MathFeature_Latest_5_0_10_5_1
P440,0,0,0,0,0,0,0,0,0,0,Psi_Site_Chen_MathFeature_Latest_5_0_10_5_1
P441,0,0,0,0,0,0,0,0,0,0,Psi_Site_Chen_MathFeature_Latest_5_0_10_5_1
P442,0,0,0,0,0,0,0,0,0,0,Psi_Site_Chen_MathFeature_Latest_5_0_10_5_1
P443,0,0,0,0,0,0,0,0,0,0,Psi_Site_Chen_MathFeature_Latest_5_0_10_5_1
P444,0,0,0,0,0,0,0,0,0,0,Psi_Site_Chen_MathFeature_Latest_5_0_10_5_1
P445,0,0,0,0,0,0,0,0,0,0,Psi_Site_Chen_MathFeature_Latest_5_0_10_5_1
P446,0,0,0,0,0,0,0,0,0,0,Psi_Site_Chen_MathFeature_Latest_5_0_10_5_1
P447,0,0,0,0,0,0,0,0,0,0,Psi_Site_Chen_MathFeature_Latest_5_0_10_5_1
P448,0,0,0,0,0,0,0,0,0,0,Psi_Site_Chen_MathFeature_Latest_5_0_10_5_1
P449,0,0,0,0,0,0,0,0,0,0,Psi_Site_Chen_MathFeature_Latest_5_0_10_5_1
P450,0,0,0,0,0,0,0,0,0,0,Psi_Site_Chen_MathFeature_Latest_5_0_10_5_1
P451,0,0,0,0,0,0,0,0,0,0,Psi_Site_Chen_MathFeature_Latest_5_0_10_5_1
P452,0,0,0,0,0,0,0,0,0,0,Psi_Site_Chen_MathFeature_Latest_5_0_10_5_1
P453,0,0,0,0,0,0,0,0,0,0,Psi_Site_Chen_MathFeature_Latest_5_0_10_5_1
P454,0,0,0,0,0,0,0,0,0,0,Psi_Site_Chen_MathFeature_Latest_5_0_10_5_1
P455,0,0,0,0,0,0,0,0,0,0,Psi_Site_Chen_MathFeature_Latest_5_0_10_5_1
P456,0,0,0,0,0,0,0,0,0,0,Psi_Site_Chen_MathFeature_Latest_5_0_10_5_1
P457,0,0,0,0,0,0,0,0,0,0,Psi_Site_Chen_MathFeature_Latest_5_0_10_5_1
P458,0,0,0,0,0,0,0,0,0,0,Psi_Site_Chen_MathFeature_Latest_5_0_10_5_1
P459,0,0,0,0,0,0,0,0,0,0,Psi_Site_Chen_MathFeature_Latest_5_0_10_5_1
P460,0,0,0,0,0,0,0,0,0,0,Psi_Site_Chen_MathFeature_Latest_5_0_10_5_1
P461,0,0,0,0,0,0,0,0,0,0,Psi_Site_Chen_MathFeature_Latest_5_0_10_5_1
P462,0,0,0,0,0,0,0,0,0,0,Psi_Site_Chen_MathFeature_Latest_5_0_10_5_1
P463,0,0,0,0,0,0,0,0,0,0,Psi_Site_Chen_MathFeature_Latest_5_0_10_5_1
P464,0,0,0,0,0,0,0,0,0,0,Psi_Site_Chen_MathFeature_Latest_5_0_10_5_1
P465,0,0,0,0,0,0,0,0,0,0,Psi_Site_Chen_MathFeature_Latest_5_0_10_5_1
P466,0,0,0,0,0,0,0,0,0,0,Psi_Site_Chen_MathFeature_Latest_5_0_10_5_1
P467,0,0,0,0,0,0,0,0,0,0,Psi_Site_Chen_MathFeature_Latest_5_0_10_5_1
P468,0,0,0,0,0,0,0,0,0,0,Psi_Site_Chen_MathFeature_Latest_5_0_10_5_1
P469,0,0,0,0,0,0,0,0,0,0,Psi_Site_Chen_MathFeature_Latest_5_0_10_5_1
P470,0,0,0,0,0,0,0,0,0,0,Psi_Site_Chen_MathFeature_Latest_5_0_10_5_1
P471,0,0,0,0,0,0,0,0,0,0,Psi_Site_Chen_MathFeature_Latest_5_0_10_5_1
P472,0,0,0,0,0,0,0,0,0,0,Psi_Site_Chen_MathFeature_Latest_5_0_10_5_1
P473,0,0,0,0,0,0,0,0,0,0,Psi_Site_Chen_MathFeature_Latest_5_0_10_5_1
P474,0,0,0,0,0,0,0,0,0,0,Psi_Site_Chen_MathFeature_Latest_5_0_10_5_1
P475,0,0,0,0,0,0,0,0,0,0,Psi_Site_Chen_MathFeature_Latest_5_0_10_5_1
P476,0,0,0,0,0,0,0,0,0,0,Psi_Site_Chen_MathFeature_Latest_5_0_10_5_1
P477,0,0,0,0,0,0,0,0,0,0,Psi_Site_Chen_MathFeature_Latest_5_0_10_5_1
P478,0,0,0,0,0,0,0,0,0,0,Psi_Site_Chen_MathFeature_Latest_5_0_10_5_1
P479,0,0,0,0,0,0,0,0,0,0,Psi_Site_Chen_MathFeature_Latest_5_0_10_5_1
P480,0,0,0,0,0,0,0,0,0,0,Psi_Site_Chen_MathFeature_Latest_5_0_10_5_1
P481,0,0,0,0,0,0,0,0,0,0,Psi_Site_Chen_MathFeature_Latest_5_0_10_5_1
P482,0,0,0,0,0,0,0,0,0,0,Psi_Site_Chen_MathFeature_Latest_5_0_10_5_1
P483,0,0,0,0,0,0,0,0,0,0,Psi_Site_Chen_MathFeature_Latest_5_0_10_5_1
P484,0,0,0,0,0,0,0,0,0,0,Psi_Site_Chen_MathFeature_Latest_5_0_10_5_1
P485,0,0,0,0,0,0,0,0,0,0,Psi_Site_Chen_MathFeature_Latest_5_0_10_5_1
P486,0,0,0,0,0,0,0,0,0,0,Psi_Site_Chen_MathFeature_Latest_5_0_10_5_1
P487,0,0,0,0,0,0,0,0,0,0,Psi_Site_Chen_MathFeature_Latest_5_0_10_5_1
P488,0,0,0,0,0,0,0,0,0,0,Psi_Site_Chen_MathFeature_Latest_5_0_10_5_1
P489,0,0,0,0,0,0,0,0,0,0,Psi_Site_Chen_MathFeature_Latest_5_0_10_5_1
P490,0,0,0,0,0,0,0,0,0,0,Psi_Site_Chen_MathFeature_Latest_5_0_10_5_1
P491,0,0,0,0,0,0,0,0,0,0,Psi_Site_Chen_MathFeature_Latest_5_0_10_5_1
P492,0,0,0,0,0,0,0,0,0,0,Psi_Site_Chen_MathFeature_Latest_5_0_10_5_1
P493,0,0,0,0,0,0,0,0,0,0,Psi_Site_Chen_MathFeature_Latest_5_0_10_5_1
P494,0,0,0,0,0,0,0,0,0,0,Psi_Site_Chen_MathFeature_Latest_5_0_10_5_1
P495,0,0,0,0,0,0,0,0,0,0,Psi_Site_Chen_MathFeature_Latest_5_0_10_5_1
N1,0,0,0,0,0,0,0,0,0,0,Psi_Site_Chen_MathFeature_Latest_5_0_10_5_1
N2,0,0,0,0,0,0,0,0,0,0,Psi_Site_Chen_MathFeature_Latest_5_0_10_5_1
N3,0,0,0,0,0,0,0,0,0,0,Psi_Site_Chen_MathFeature_Latest_5_0_10_5_1
N4,0,0,0,0,0,0,0,0,0,0,Psi_Site_Chen_MathFeature_Latest_5_0_10_5_1
N5,0,0,0,0,0,0,0,0,0,0,Psi_Site_Chen_MathFeature_Latest_5_0_10_5_1
N6,0,0,0,0,0,0,0,0,0,0,Psi_Site_Chen_MathFeature_Latest_5_0_10_5_1
N7,0,0,0,0,0,0,0,0,0,0,Psi_Site_Chen_MathFeature_Latest_5_0_10_5_1
N8,0,0,0,0,0,0,0,0,0,0,Psi_Site_Chen_MathFeature_Latest_5_0_10_5_1
N9,0,0,0,0,0,0,0,0,0,0,Psi_Site_Chen_MathFeature_Latest_5_0_10_5_1
N10,0,0,0,0,0,0,0,0,0,0,Psi_Site_Chen_MathFeature_Latest_5_0_10_5_1
N11,0,0,0,0,0,0,0,0,0,0,Psi_Site_Chen_MathFeature_Latest_5_0_10_5_1
N12,0,0,0,0,0,0,0,0,0,0,Psi_Site_Chen_MathFeature_Latest_5_0_10_5_1
N13,0,0,0,0,0,0,0,0,0,0,Psi_Site_Chen_MathFeature_Latest_5_0_10_5_1
N14,0,0,0,0,0,0,0,0,0,0,Psi_Site_Chen_MathFeature_Latest_5_0_10_5_1
N15,0,0,0,0,0,0,0,0,0,0,Psi_Site_Chen_MathFeature_Latest_5_0_10_5_1
N16,0,0,0,0,0,0,0,0,0,0,Psi_Site_Chen_MathFeature_Latest_5_0_10_5_1
N17,0,0,0,0,0,0,0,0,0,0,Psi_Site_Chen_MathFeature_Latest_5_0_10_5_1
N18,0,0,0,0,0,0,0,0,0,0,Psi_Site_Chen_MathFeature_Latest_5_0_10_5_1
N19,0,0,0,0,0,0,0,0,0,0,Psi_Site_Chen_MathFeature_Latest_5_0_10_5_1
N20,0,0,0,0,0,0,0,0,0,0,Psi_Site_Chen_MathFeature_Latest_5_0_10_5_1
N21,0,0,0,0,0,0,0,0,0,0,Psi_Site_Chen_MathFeature_Latest_5_0_10_5_1
N22,0,0,0,0,0,0,0,0,0,0,Psi_Site_Chen_MathFeature_Latest_5_0_10_5_1
N23,0,0,0,0,0,0,0,0,0,0,Psi_Site_Chen_MathFeature_Latest_5_0_10_5_1
N24,0,0,0,0,0,0,0,0,0,0,Psi_Site_Chen_MathFeature_Latest_5_0_10_5_1
N25,0,0,0,0,0,0,0,0,0,0,Psi_Site_Chen_MathFeature_Latest_5_0_10_5_1
N26,0,0,0,0,0,0,0,0,0,0,Psi_Site_Chen_MathFeature_Latest_5_0_10_5_1
N27,0,0,0,0,0,0,0,0,0,0,Psi_Site_Chen_MathFeature_Latest_5_0_10_5_1
N28,0,0,0,0,0,0,0,0,0,0,Psi_Site_Chen_MathFeature_Latest_5_0_10_5_1
N29,0,0,0,0,0,0,0,0,0,0,Psi_Site_Chen_MathFeature_Latest_5_0_10_5_1
N30,0,0,0,0,0,0,0,0,0,0,Psi_Site_Chen_MathFeature_Latest_5_0_10_5_1
N31,0,0,0,0,0,0,0,0,0,0,Psi_Site_Chen_MathFeature_Latest_5_0_10_5_1
N32,0,0,0,0,0,0,0,0,0,0,Psi_Site_Chen_MathFeature_Latest_5_0_10_5_1
N33,0,0,0,0,0,0,0,0,0,0,Psi_Site_Chen_MathFeature_Latest_5_0_10_5_1
N34,0,0,0,0,0,0,0,0,0,0,Psi_Site_Chen_MathFeature_Latest_5_0_10_5_1
N35,0,0,0,0,0,0,0,0,0,0,Psi_Site_Chen_MathFeature_Latest_5_0_10_5_1
N36,0,0,0,0,0,0,0,0,0,0,Psi_Site_Chen_MathFeature_Latest_5_0_10_5_1
N37,0,0,0,0,0,0,0,0,0,0,Psi_Site_Chen_MathFeature_Latest_5_0_10_5_1
N38,0,0,0,0,0,0,0,0,0,0,Psi_Site_Chen_MathFeature_Latest_5_0_10_5_1
N39,0,0,0,0,0,0,0,0,0,0,Psi_Site_Chen_MathFeature_Latest_5_0_10_5_1
N40,0,0,0,0,0,0,0,0,0,0,Psi_Site_Chen_MathFeature_Latest_5_0_10_5_1
N41,0,0,0,0,0,0,0,0,0,0,Psi_Site_Chen_MathFeature_Latest_5_0_10_5_1
N42,0,0,0,0,0,0,0,0,0,0,Psi_Site_Chen_MathFeature_Latest_5_0_10_5_1
N43,0,0,0,0,0,0,0,0,0,0,Psi_Site_Chen_MathFeature_Latest_5_0_10_5_1
N44,0,0,0,0,0,0,0,0,0,0,Psi_Site_Chen_MathFeature_Latest_5_0_10_5_1
N45,0,0,0,0,0,0,0,0,0,0,Psi_Site_Chen_MathFeature_Latest_5_0_10_5_1
N46,0,0,0,0,0,0,0,0,0,0,Psi_Site_Chen_MathFeature_Latest_5_0_10_5_1
N47,0,0,0,0,0,0,0,0,0,0,Psi_Site_Chen_MathFeature_Latest_5_0_10_5_1
N48,0,0,0,0,0,0,0,0,0,0,Psi_Site_Chen_MathFeature_Latest_5_0_10_5_1
N49,0,0,0,0,0,0,0,0,0,0,Psi_Site_Chen_MathFeature_Latest_5_0_10_5_1
N50,0,0,0,0,0,0,0,0,0,0,Psi_Site_Chen_MathFeature_Latest_5_0_10_5_1
N51,0,0,0,0,0,0,0,0,0,0,Psi_Site_Chen_MathFeature_Latest_5_0_10_5_1
N52,0,0,0,0,0,0,0,0,0,0,Psi_Site_Chen_MathFeature_Latest_5_0_10_5_1
N53,0,0,0,0,0,0,0,0,0,0,Psi_Site_Chen_MathFeature_Latest_5_0_10_5_1
N54,0,0,0,0,0,0,0,0,0,0,Psi_Site_Chen_MathFeature_Latest_5_0_10_5_1
N55,0,0,0,0,0,0,0,0,0,0,Psi_Site_Chen_MathFeature_Latest_5_0_10_5_1
N56,0,0,0,0,0,0,0,0,0,0,Psi_Site_Chen_MathFeature_Latest_5_0_10_5_1
N57,6,6,0.0,6.0,0.0,16.666666666666664,16.666666666666664,0.0,16.666666666666664,0.0,Psi_Site_Chen_MathFeature_Latest_5_0_10_5_1
N58,6,6,0.0,6.0,0.0,16.666666666666664,16.666666666666664,0.0,16.666666666666664,0.0,Psi_Site_Chen_MathFeature_Latest_5_0_10_5_1
N59,0,0,0,0,0,0,0,0,0,0,Psi_Site_Chen_MathFeature_Latest_5_0_10_5_1
N60,6,6,0.0,6.0,0.0,33.33333333333333,33.33333333333333,0.0,33.33333333333333,0.0,Psi_Site_Chen_MathFeature_Latest_5_0_10_5_1
N61,0,0,0,0,0,0,0,0,0,0,Psi_Site_Chen_MathFeature_Latest_5_0_10_5_1
N62,0,0,0,0,0,0,0,0,0,0,Psi_Site_Chen_MathFeature_Latest_5_0_10_5_1
N63,0,0,0,0,0,0,0,0,0,0,Psi_Site_Chen_MathFeature_Latest_5_0_10_5_1
N64,0,0,0,0,0,0,0,0,0,0,Psi_Site_Chen_MathFeature_Latest_5_0_10_5_1
N65,0,0,0,0,0,0,0,0,0,0,Psi_Site_Chen_MathFeature_Latest_5_0_10_5_1
N66,0,0,0,0,0,0,0,0,0,0,Psi_Site_Chen_MathFeature_Latest_5_0_10_5_1
N67,0,0,0,0,0,0,0,0,0,0,Psi_Site_Chen_MathFeature_Latest_5_0_10_5_1
N68,0,0,0,0,0,0,0,0,0,0,Psi_Site_Chen_MathFeature_Latest_5_0_10_5_1
N69,0,0,0,0,0,0,0,0,0,0,Psi_Site_Chen_MathFeature_Latest_5_0_10_5_1
N70,0,0,0,0,0,0,0,0,0,0,Psi_Site_Chen_MathFeature_Latest_5_0_10_5_1
N71,0,0,0,0,0,0,0,0,0,0,Psi_Site_Chen_MathFeature_Latest_5_0_10_5_1
N72,0,0,0,0,0,0,0,0,0,0,Psi_Site_Chen_MathFeature_Latest_5_0_10_5_1
N73,0,0,0,0,0,0,0,0,0,0,Psi_Site_Chen_MathFeature_Latest_5_0_10_5_1
N74,0,0,0,0,0,0,0,0,0,0,Psi_Site_Chen_MathFeature_Latest_5_0_10_5_1
N75,0,0,0,0,0,0,0,0,0,0,Psi_Site_Chen_MathFeature_Latest_5_0_10_5_1
N76,0,0,0,0,0,0,0,0,0,0,Psi_Site_Chen_MathFeature_Latest_5_0_10_5_1
N77,0,0,0,0,0,0,0,0,0,0,Psi_Site_Chen_MathFeature_Latest_5_0_10_5_1
N78,0,0,0,0,0,0,0,0,0,0,Psi_Site_Chen_MathFeature_Latest_5_0_10_5_1
N79,0,0,0,0,0,0,0,0,0,0,Psi_Site_Chen_MathFeature_Latest_5_0_10_5_1
N80,0,0,0,0,0,0,0,0,0,0,Psi_Site_Chen_MathFeature_Latest_5_0_10_5_1
N81,0,0,0,0,0,0,0,0,0,0,Psi_Site_Chen_MathFeature_Latest_5_0_10_5_1
N82,0,0,0,0,0,0,0,0,0,0,Psi_Site_Chen_MathFeature_Latest_5_0_10_5_1
N83,0,0,0,0,0,0,0,0,0,0,Psi_Site_Chen_MathFeature_Latest_5_0_10_5_1
N84,0,0,0,0,0,0,0,0,0,0,Psi_Site_Chen_MathFeature_Latest_5_0_10_5_1
N85,0,0,0,0,0,0,0,0,0,0,Psi_Site_Chen_MathFeature_Latest_5_0_10_5_1
N86,0,0,0,0,0,0,0,0,0,0,Psi_Site_Chen_MathFeature_Latest_5_0_10_5_1
N87,0,0,0,0,0,0,0,0,0,0,Psi_Site_Chen_MathFeature_Latest_5_0_10_5_1
N88,0,0,0,0,0,0,0,0,0,0,Psi_Site_Chen_MathFeature_Latest_5_0_10_5_1
N89,0,0,0,0,0,0,0,0,0,0,Psi_Site_Chen_MathFeature_Latest_5_0_10_5_1
N90,0,0,0,0,0,0,0,0,0,0,Psi_Site_Chen_MathFeature_Latest_5_0_10_5_1
N91,0,0,0,0,0,0,0,0,0,0,Psi_Site_Chen_MathFeature_Latest_5_0_10_5_1
N92,0,0,0,0,0,0,0,0,0,0,Psi_Site_Chen_MathFeature_Latest_5_0_10_5_1
N93,0,0,0,0,0,0,0,0,0,0,Psi_Site_Chen_MathFeature_Latest_5_0_10_5_1
N94,0,0,0,0,0,0,0,0,0,0,Psi_Site_Chen_MathFeature_Latest_5_0_10_5_1
N95,0,0,0,0,0,0,0,0,0,0,Psi_Site_Chen_MathFeature_Latest_5_0_10_5_1
N96,0,0,0,0,0,0,0,0,0,0,Psi_Site_Chen_MathFeature_Latest_5_0_10_5_1
N97,0,0,0,0,0,0,0,0,0,0,Psi_Site_Chen_MathFeature_Latest_5_0_10_5_1
N98,0,0,0,0,0,0,0,0,0,0,Psi_Site_Chen_MathFeature_Latest_5_0_10_5_1
N99,0,0,0,0,0,0,0,0,0,0,Psi_Site_Chen_MathFeature_Latest_5_0_10_5_1
N100,0,0,0,0,0,0,0,0,0,0,Psi_Site_Chen_MathFeature_Latest_5_0_10_5_1
N101,0,0,0,0,0,0,0,0,0,0,Psi_Site_Chen_MathFeature_Latest_5_0_10_5_1
N102,0,0,0,0,0,0,0,0,0,0,Psi_Site_Chen_MathFeature_Latest_5_0_10_5_1
N103,0,0,0,0,0,0,0,0,0,0,Psi_Site_Chen_MathFeature_Latest_5_0_10_5_1
N104,0,0,0,0,0,0,0,0,0,0,Psi_Site_Chen_MathFeature_Latest_5_0_10_5_1
N105,0,0,0,0,0,0,0,0,0,0,Psi_Site_Chen_MathFeature_Latest_5_0_10_5_1
N106,0,0,0,0,0,0,0,0,0,0,Psi_Site_Chen_MathFeature_Latest_5_0_10_5_1
N107,0,0,0,0,0,0,0,0,0,0,Psi_Site_Chen_MathFeature_Latest_5_0_10_5_1
N108,0,0,0,0,0,0,0,0,0,0,Psi_Site_Chen_MathFeature_Latest_5_0_10_5_1
N109,0,0,0,0,0,0,0,0,0,0,Psi_Site_Chen_MathFeature_Latest_5_0_10_5_1
N110,0,0,0,0,0,0,0,0,0,0,Psi_Site_Chen_MathFeature_Latest_5_0_10_5_1
N111,0,0,0,0,0,0,0,0,0,0,Psi_Site_Chen_MathFeature_Latest_5_0_10_5_1
N112,0,0,0,0,0,0,0,0,0,0,Psi_Site_Chen_MathFeature_Latest_5_0_10_5_1
N113,0,0,0,0,0,0,0,0,0,0,Psi_Site_Chen_MathFeature_Latest_5_0_10_5_1
N114,0,0,0,0,0,0,0,0,0,0,Psi_Site_Chen_MathFeature_Latest_5_0_10_5_1
N115,0,0,0,0,0,0,0,0,0,0,Psi_Site_Chen_MathFeature_Latest_5_0_10_5_1
N116,0,0,0,0,0,0,0,0,0,0,Psi_Site_Chen_MathFeature_Latest_5_0_10_5_1
N117,0,0,0,0,0,0,0,0,0,0,Psi_Site_Chen_MathFeature_Latest_5_0_10_5_1
N118,0,0,0,0,0,0,0,0,0,0,Psi_Site_Chen_MathFeature_Latest_5_0_10_5_1
N119,0,0,0,0,0,0,0,0,0,0,Psi_Site_Chen_MathFeature_Latest_5_0_10_5_1
N120,0,0,0,0,0,0,0,0,0,0,Psi_Site_Chen_MathFeature_Latest_5_0_10_5_1
N121,15,15,0.0,15.0,0.0,26.666666666666668,26.666666666666668,0.0,26.666666666666668,0.0,Psi_Site_Chen_MathFeature_Latest_5_0_10_5_1
N122,0,0,0,0,0,0,0,0,0,0,Psi_Site_Chen_MathFeature_Latest_5_0_10_5_1
N123,0,0,0,0,0,0,0,0,0,0,Psi_Site_Chen_MathFeature_Latest_5_0_10_5_1
N124,0,0,0,0,0,0,0,0,0,0,Psi_Site_Chen_MathFeature_Latest_5_0_10_5_1
N125,0,0,0,0,0,0,0,0,0,0,Psi_Site_Chen_MathFeature_Latest_5_0_10_5_1
N126,0,0,0,0,0,0,0,0,0,0,Psi_Site_Chen_MathFeature_Latest_5_0_10_5_1
N127,0,0,0,0,0,0,0,0,0,0,Psi_Site_Chen_MathFeature_Latest_5_0_10_5_1
N128,0,0,0,0,0,0,0,0,0,0,Psi_Site_Chen_MathFeature_Latest_5_0_10_5_1
N129,0,0,0,0,0,0,0,0,0,0,Psi_Site_Chen_MathFeature_Latest_5_0_10_5_1
N130,0,0,0,0,0,0,0,0,0,0,Psi_Site_Chen_MathFeature_Latest_5_0_10_5_1
N131,0,0,0,0,0,0,0,0,0,0,Psi_Site_Chen_MathFeature_Latest_5_0_10_5_1
N132,0,0,0,0,0,0,0,0,0,0,Psi_Site_Chen_MathFeature_Latest_5_0_10_5_1
N133,0,0,0,0,0,0,0,0,0,0,Psi_Site_Chen_MathFeature_Latest_5_0_10_5_1
N134,0,0,0,0,0,0,0,0,0,0,Psi_Site_Chen_MathFeature_Latest_5_0_10_5_1
N135,0,0,0,0,0,0,0,0,0,0,Psi_Site_Chen_MathFeature_Latest_5_0_10_5_1
N136,0,0,0,0,0,0,0,0,0,0,Psi_Site_Chen_MathFeature_Latest_5_0_10_5_1
N137,0,0,0,0,0,0,0,0,0,0,Psi_Site_Chen_MathFeature_Latest_5_0_10_5_1
N138,0,0,0,0,0,0,0,0,0,0,Psi_Site_Chen_MathFeature_Latest_5_0_10_5_1
N139,0,0,0,0,0,0,0,0,0,0,Psi_Site_Chen_MathFeature_Latest_5_0_10_5_1
N140,0,0,0,0,0,0,0,0,0,0,Psi_Site_Chen_MathFeature_Latest_5_0_10_5_1
N141,6,6,0.0,6.0,0.0,16.666666666666664,16.666666666666664,0.0,16.666666666666664,0.0,Psi_Site_Chen_MathFeature_Latest_5_0_10_5_1
N142,0,0,0,0,0,0,0,0,0,0,Psi_Site_Chen_MathFeature_Latest_5_0_10_5_1
N143,0,0,0,0,0,0,0,0,0,0,Psi_Site_Chen_MathFeature_Latest_5_0_10_5_1
N144,0,0,0,0,0,0,0,0,0,0,Psi_Site_Chen_MathFeature_Latest_5_0_10_5_1
N145,0,0,0,0,0,0,0,0,0,0,Psi_Site_Chen_MathFeature_Latest_5_0_10_5_1
N146,0,0,0,0,0,0,0,0,0,0,Psi_Site_Chen_MathFeature_Latest_5_0_10_5_1
N147,0,0,0,0,0,0,0,0,0,0,Psi_Site_Chen_MathFeature_Latest_5_0_10_5_1
N148,0,0,0,0,0,0,0,0,0,0,Psi_Site_Chen_MathFeature_Latest_5_0_10_5_1
N149,0,0,0,0,0,0,0,0,0,0,Psi_Site_Chen_MathFeature_Latest_5_0_10_5_1
N150,6,6,0.0,6.0,0.0,16.666666666666664,16.666666666666664,0.0,16.666666666666664,0.0,Psi_Site_Chen_MathFeature_Latest_5_0_10_5_1
N151,0,0,0,0,0,0,0,0,0,0,Psi_Site_Chen_MathFeature_Latest_5_0_10_5_1
N152,0,0,0,0,0,0,0,0,0,0,Psi_Site_Chen_MathFeature_Latest_5_0_10_5_1
N153,0,0,0,0,0,0,0,0,0,0,Psi_Site_Chen_MathFeature_Latest_5_0_10_5_1
N154,0,0,0,0,0,0,0,0,0,0,Psi_Site_Chen_MathFeature_Latest_5_0_10_5_1
N155,0,0,0,0,0,0,0,0,0,0,Psi_Site_Chen_MathFeature_Latest_5_0_10_5_1
N156,0,0,0,0,0,0,0,0,0,0,Psi_Site_Chen_MathFeature_Latest_5_0_10_5_1
N157,0,0,0,0,0,0,0,0,0,0,Psi_Site_Chen_MathFeature_Latest_5_0_10_5_1
N158,0,0,0,0,0,0,0,0,0,0,Psi_Site_Chen_MathFeature_Latest_5_0_10_5_1
N159,0,0,0,0,0,0,0,0,0,0,Psi_Site_Chen_MathFeature_Latest_5_0_10_5_1
N160,0,0,0,0,0,0,0,0,0,0,Psi_Site_Chen_MathFeature_Latest_5_0_10_5_1
N161,0,0,0,0,0,0,0,0,0,0,Psi_Site_Chen_MathFeature_Latest_5_0_10_5_1
N162,0,0,0,0,0,0,0,0,0,0,Psi_Site_Chen_MathFeature_Latest_5_0_10_5_1
N163,0,0,0,0,0,0,0,0,0,0,Psi_Site_Chen_MathFeature_Latest_5_0_10_5_1
N164,0,0,0,0,0,0,0,0,0,0,Psi_Site_Chen_MathFeature_Latest_5_0_10_5_1
N165,0,0,0,0,0,0,0,0,0,0,Psi_Site_Chen_MathFeature_Latest_5_0_10_5_1
N166,15,15,0.0,15.0,0.0,33.33333333333333,33.33333333333333,0.0,33.33333333333333,0.0,Psi_Site_Chen_MathFeature_Latest_5_0_10_5_1
N167,0,0,0,0,0,0,0,0,0,0,Psi_Site_Chen_MathFeature_Latest_5_0_10_5_1
N168,0,0,0,0,0,0,0,0,0,0,Psi_Site_Chen_MathFeature_Latest_5_0_10_5_1
N169,0,0,0,0,0,0,0,0,0,0,Psi_Site_Chen_MathFeature_Latest_5_0_10_5_1
N170,0,0,0,0,0,0,0,0,0,0,Psi_Site_Chen_MathFeature_Latest_5_0_10_5_1
N171,0,0,0,0,0,0,0,0,0,0,Psi_Site_Chen_MathFeature_Latest_5_0_10_5_1
N172,0,0,0,0,0,0,0,0,0,0,Psi_Site_Chen_MathFeature_Latest_5_0_10_5_1
N173,0,0,0,0,0,0,0,0,0,0,Psi_Site_Chen_MathFeature_Latest_5_0_10_5_1
N174,0,0,0,0,0,0,0,0,0,0,Psi_Site_Chen_MathFeature_Latest_5_0_10_5_1
N175,0,0,0,0,0,0,0,0,0,0,Psi_Site_Chen_MathFeature_Latest_5_0_10_5_1
N176,0,0,0,0,0,0,0,0,0,0,Psi_Site_Chen_MathFeature_Latest_5_0_10_5_1
N177,0,0,0,0,0,0,0,0,0,0,Psi_Site_Chen_MathFeature_Latest_5_0_10_5_1
N178,0,0,0,0,0,0,0,0,0,0,Psi_Site_Chen_MathFeature_Latest_5_0_10_5_1
N179,0,0,0,0,0,0,0,0,0,0,Psi_Site_Chen_MathFeature_Latest_5_0_10_5_1
N180,0,0,0,0,0,0,0,0,0,0,Psi_Site_Chen_MathFeature_Latest_5_0_10_5_1
N181,0,0,0,0,0,0,0,0,0,0,Psi_Site_Chen_MathFeature_Latest_5_0_10_5_1
N182,0,0,0,0,0,0,0,0,0,0,Psi_Site_Chen_MathFeature_Latest_5_0_10_5_1
N183,0,0,0,0,0,0,0,0,0,0,Psi_Site_Chen_MathFeature_Latest_5_0_10_5_1
N184,6,6,0.0,6.0,0.0,16.666666666666664,16.666666666666664,0.0,16.666666666666664,0.0,Psi_Site_Chen_MathFeature_Latest_5_0_10_5_1
N185,0,0,0,0,0,0,0,0,0,0,Psi_Site_Chen_MathFeature_Latest_5_0_10_5_1
N186,0,0,0,0,0,0,0,0,0,0,Psi_Site_Chen_MathFeature_Latest_5_0_10_5_1
N187,0,0,0,0,0,0,0,0,0,0,Psi_Site_Chen_MathFeature_Latest_5_0_10_5_1
N188,0,0,0,0,0,0,0,0,0,0,Psi_Site_Chen_MathFeature_Latest_5_0_10_5_1
N189,0,0,0,0,0,0,0,0,0,0,Psi_Site_Chen_MathFeature_Latest_5_0_10_5_1
N190,0,0,0,0,0,0,0,0,0,0,Psi_Site_Chen_MathFeature_Latest_5_0_10_5_1
N191,0,0,0,0,0,0,0,0,0,0,Psi_Site_Chen_MathFeature_Latest_5_0_10_5_1
N192,0,0,0,0,0,0,0,0,0,0,Psi_Site_Chen_MathFeature_Latest_5_0_10_5_1
N193,0,0,0,0,0,0,0,0,0,0,Psi_Site_Chen_MathFeature_Latest_5_0_10_5_1
N194,0,0,0,0,0,0,0,0,0,0,Psi_Site_Chen_MathFeature_Latest_5_0_10_5_1
N195,0,0,0,0,0,0,0,0,0,0,Psi_Site_Chen_MathFeature_Latest_5_0_10_5_1
N196,0,0,0,0,0,0,0,0,0,0,Psi_Site_Chen_MathFeature_Latest_5_0_10_5_1
N197,0,0,0,0,0,0,0,0,0,0,Psi_Site_Chen_MathFeature_Latest_5_0_10_5_1
N198,0,0,0,0,0,0,0,0,0,0,Psi_Site_Chen_MathFeature_Latest_5_0_10_5_1
N199,0,0,0,0,0,0,0,0,0,0,Psi_Site_Chen_MathFeature_Latest_5_0_10_5_1
N200,0,0,0,0,0,0,0,0,0,0,Psi_Site_Chen_MathFeature_Latest_5_0_10_5_1
N201,0,0,0,0,0,0,0,0,0,0,Psi_Site_Chen_MathFeature_Latest_5_0_10_5_1
N202,0,0,0,0,0,0,0,0,0,0,Psi_Site_Chen_MathFeature_Latest_5_0_10_5_1
N203,0,0,0,0,0,0,0,0,0,0,Psi_Site_Chen_MathFeature_Latest_5_0_10_5_1
N204,0,0,0,0,0,0,0,0,0,0,Psi_Site_Chen_MathFeature_Latest_5_0_10_5_1
N205,0,0,0,0,0,0,0,0,0,0,Psi_Site_Chen_MathFeature_Latest_5_0_10_5_1
N206,0,0,0,0,0,0,0,0,0,0,Psi_Site_Chen_MathFeature_Latest_5_0_10_5_1
N207,0,0,0,0,0,0,0,0,0,0,Psi_Site_Chen_MathFeature_Latest_5_0_10_5_1
N208,9,9,0.0,9.0,0.0,44.44444444444444,44.44444444444444,0.0,44.44444444444444,0.0,Psi_Site_Chen_MathFeature_Latest_5_0_10_5_1
N209,0,0,0,0,0,0,0,0,0,0,Psi_Site_Chen_MathFeature_Latest_5_0_10_5_1
N210,0,0,0,0,0,0,0,0,0,0,Psi_Site_Chen_MathFeature_Latest_5_0_10_5_1
N211,0,0,0,0,0,0,0,0,0,0,Psi_Site_Chen_MathFeature_Latest_5_0_10_5_1
N212,0,0,0,0,0,0,0,0,0,0,Psi_Site_Chen_MathFeature_Latest_5_0_10_5_1
N213,0,0,0,0,0,0,0,0,0,0,Psi_Site_Chen_MathFeature_Latest_5_0_10_5_1
N214,0,0,0,0,0,0,0,0,0,0,Psi_Site_Chen_MathFeature_Latest_5_0_10_5_1
N215,0,0,0,0,0,0,0,0,0,0,Psi_Site_Chen_MathFeature_Latest_5_0_10_5_1
N216,0,0,0,0,0,0,0,0,0,0,Psi_Site_Chen_MathFeature_Latest_5_0_10_5_1
N217,0,0,0,0,0,0,0,0,0,0,Psi_Site_Chen_MathFeature_Latest_5_0_10_5_1
N218,0,0,0,0,0,0,0,0,0,0,Psi_Site_Chen_MathFeature_Latest_5_0_10_5_1
N219,0,0,0,0,0,0,0,0,0,0,Psi_Site_Chen_MathFeature_Latest_5_0_10_5_1
N220,0,0,0,0,0,0,0,0,0,0,Psi_Site_Chen_MathFeature_Latest_5_0_10_5_1
N221,0,0,0,0,0,0,0,0,0,0,Psi_Site_Chen_MathFeature_Latest_5_0_10_5_1
N222,0,0,0,0,0,0,0,0,0,0,Psi_Site_Chen_MathFeature_Latest_5_0_10_5_1
N223,0,0,0,0,0,0,0,0,0,0,Psi_Site_Chen_MathFeature_Latest_5_0_10_5_1
N224,0,0,0,0,0,0,0,0,0,0,Psi_Site_Chen_MathFeature_Latest_5_0_10_5_1
N225,0,0,0,0,0,0,0,0,0,0,Psi_Site_Chen_MathFeature_Latest_5_0_10_5_1
N226,0,0,0,0,0,0,0,0,0,0,Psi_Site_Chen_MathFeature_Latest_5_0_10_5_1
N227,0,0,0,0,0,0,0,0,0,0,Psi_Site_Chen_MathFeature_Latest_5_0_10_5_1
N228,0,0,0,0,0,0,0,0,0,0,Psi_Site_Chen_MathFeature_Latest_5_0_10_5_1
N229,0,0,0,0,0,0,0,0,0,0,Psi_Site_Chen_MathFeature_Latest_5_0_10_5_1
N230,0,0,0,0,0,0,0,0,0,0,Psi_Site_Chen_MathFeature_Latest_5_0_10_5_1
N231,0,0,0,0,0,0,0,0,0,0,Psi_Site_Chen_MathFeature_Latest_5_0_10_5_1
N232,0,0,0,0,0,0,0,0,0,0,Psi_Site_Chen_MathFeature_Latest_5_0_10_5_1
N233,0,0,0,0,0,0,0,0,0,0,Psi_Site_Chen_MathFeature_Latest_5_0_10_5_1
N234,0,0,0,0,0,0,0,0,0,0,Psi_Site_Chen_MathFeature_Latest_5_0_10_5_1
N235,0,0,0,0,0,0,0,0,0,0,Psi_Site_Chen_MathFeature_Latest_5_0_10_5_1
N236,0,0,0,0,0,0,0,0,0,0,Psi_Site_Chen_MathFeature_Latest_5_0_10_5_1
N237,0,0,0,0,0,0,0,0,0,0,Psi_Site_Chen_MathFeature_Latest_5_0_10_5_1
N238,0,0,0,0,0,0,0,0,0,0,Psi_Site_Chen_MathFeature_Latest_5_0_10_5_1
N239,0,0,0,0,0,0,0,0,0,0,Psi_Site_Chen_MathFeature_Latest_5_0_10_5_1
N240,0,0,0,0,0,0,0,0,0,0,Psi_Site_Chen_MathFeature_Latest_5_0_10_5_1
N241,0,0,0,0,0,0,0,0,0,0,Psi_Site_Chen_MathFeature_Latest_5_0_10_5_1
N242,0,0,0,0,0,0,0,0,0,0,Psi_Site_Chen_MathFeature_Latest_5_0_10_5_1
N243,0,0,0,0,0,0,0,0,0,0,Psi_Site_Chen_MathFeature_Latest_5_0_10_5_1
N244,0,0,0,0,0,0,0,0,0,0,Psi_Site_Chen_MathFeature_Latest_5_0_10_5_1
N245,0,0,0,0,0,0,0,0,0,0,Psi_Site_Chen_MathFeature_Latest_5_0_10_5_1
N246,0,0,0,0,0,0,0,0,0,0,Psi_Site_Chen_MathFeature_Latest_5_0_10_5_1
N247,0,0,0,0,0,0,0,0,0,0,Psi_Site_Chen_MathFeature_Latest_5_0_10_5_1
N248,0,0,0,0,0,0,0,0,0,0,Psi_Site_Chen_MathFeature_Latest_5_0_10_5_1
N249,6,6,0.0,6.0,0.0,16.666666666666664,16.666666666666664,0.0,16.666666666666664,0.0,Psi_Site_Chen_MathFeature_Latest_5_0_10_5_1
N250,0,0,0,0,0,0,0,0,0,0,Psi_Site_Chen_MathFeature_Latest_5_0_10_5_1
N251,0,0,0,0,0,0,0,0,0,0,Psi_Site_Chen_MathFeature_Latest_5_0_10_5_1
N252,0,0,0,0,0,0,0,0,0,0,Psi_Site_Chen_MathFeature_Latest_5_0_10_5_1
N253,0,0,0,0,0,0,0,0,0,0,Psi_Site_Chen_MathFeature_Latest_5_0_10_5_1
N254,0,0,0,0,0,0,0,0,0,0,Psi_Site_Chen_MathFeature_Latest_5_0_10_5_1
N255,0,0,0,0,0,0,0,0,0,0,Psi_Site_Chen_MathFeature_Latest_5_0_10_5_1
N256,0,0,0,0,0,0,0,0,0,0,Psi_Site_Chen_MathFeature_Latest_5_0_10_5_1
N257,0,0,0,0,0,0,0,0,0,0,Psi_Site_Chen_MathFeature_Latest_5_0_10_5_1
N258,0,0,0,0,0,0,0,0,0,0,Psi_Site_Chen_MathFeature_Latest_5_0_10_5_1
N259,0,0,0,0,0,0,0,0,0,0,Psi_Site_Chen_MathFeature_Latest_5_0_10_5_1
N260,0,0,0,0,0,0,0,0,0,0,Psi_Site_Chen_MathFeature_Latest_5_0_10_5_1
N261,0,0,0,0,0,0,0,0,0,0,Psi_Site_Chen_MathFeature_Latest_5_0_10_5_1
N262,0,0,0,0,0,0,0,0,0,0,Psi_Site_Chen_MathFeature_Latest_5_0_10_5_1
N263,0,0,0,0,0,0,0,0,0,0,Psi_Site_Chen_MathFeature_Latest_5_0_10_5_1
N264,0,0,0,0,0,0,0,0,0,0,Psi_Site_Chen_MathFeature_Latest_5_0_10_5_1
N265,0,0,0,0,0,0,0,0,0,0,Psi_Site_Chen_MathFeature_Latest_5_0_10_5_1
N266,0,0,0,0,0,0,0,0,0,0,Psi_Site_Chen_MathFeature_Latest_5_0_10_5_1
N267,0,0,0,0,0,0,0,0,0,0,Psi_Site_Chen_MathFeature_Latest_5_0_10_5_1
N268,0,0,0,0,0,0,0,0,0,0,Psi_Site_Chen_MathFeature_Latest_5_0_10_5_1
N269,0,0,0,0,0,0,0,0,0,0,Psi_Site_Chen_MathFeature_Latest_5_0_10_5_1
N270,0,0,0,0,0,0,0,0,0,0,Psi_Site_Chen_MathFeature_Latest_5_0_10_5_1
N271,0,0,0,0,0,0,0,0,0,0,Psi_Site_Chen_MathFeature_Latest_5_0_10_5_1
N272,9,9,0.0,9.0,0.0,55.55555555555556,55.55555555555556,0.0,55.55555555555556,0.0,Psi_Site_Chen_MathFeature_Latest_5_0_10_5_1
N273,0,0,0,0,0,0,0,0,0,0,Psi_Site_Chen_MathFeature_Latest_5_0_10_5_1
N274,0,0,0,0,0,0,0,0,0,0,Psi_Site_Chen_MathFeature_Latest_5_0_10_5_1
N275,0,0,0,0,0,0,0,0,0,0,Psi_Site_Chen_MathFeature_Latest_5_0_10_5_1
N276,0,0,0,0,0,0,0,0,0,0,Psi_Site_Chen_MathFeature_Latest_5_0_10_5_1
N277,0,0,0,0,0,0,0,0,0,0,Psi_Site_Chen_MathFeature_Latest_5_0_10_5_1
N278,0,0,0,0,0,0,0,0,0,0,Psi_Site_Chen_MathFeature_Latest_5_0_10_5_1
N279,0,0,0,0,0,0,0,0,0,0,Psi_Site_Chen_MathFeature_Latest_5_0_10_5_1
N280,0,0,0,0,0,0,0,0,0,0,Psi_Site_Chen_MathFeature_Latest_5_0_10_5_1
N281,0,0,0,0,0,0,0,0,0,0,Psi_Site_Chen_MathFeature_Latest_5_0_10_5_1
N282,0,0,0,0,0,0,0,0,0,0,Psi_Site_Chen_MathFeature_Latest_5_0_10_5_1
N283,0,0,0,0,0,0,0,0,0,0,Psi_Site_Chen_MathFeature_Latest_5_0_10_5_1
N284,0,0,0,0,0,0,0,0,0,0,Psi_Site_Chen_MathFeature_Latest_5_0_10_5_1
N285,0,0,0,0,0,0,0,0,0,0,Psi_Site_Chen_MathFeature_Latest_5_0_10_5_1
N286,0,0,0,0,0,0,0,0,0,0,Psi_Site_Chen_MathFeature_Latest_5_0_10_5_1
N287,0,0,0,0,0,0,0,0,0,0,Psi_Site_Chen_MathFeature_Latest_5_0_10_5_1
N288,0,0,0,0,0,0,0,0,0,0,Psi_Site_Chen_MathFeature_Latest_5_0_10_5_1
N289,0,0,0,0,0,0,0,0,0,0,Psi_Site_Chen_MathFeature_Latest_5_0_10_5_1
N290,0,0,0,0,0,0,0,0,0,0,Psi_Site_Chen_MathFeature_Latest_5_0_10_5_1
N291,0,0,0,0,0,0,0,0,0,0,Psi_Site_Chen_MathFeature_Latest_5_0_10_5_1
N292,0,0,0,0,0,0,0,0,0,0,Psi_Site_Chen_MathFeature_Latest_5_0_10_5_1
N293,0,0,0,0,0,0,0,0,0,0,Psi_Site_Chen_MathFeature_Latest_5_0_10_5_1
N294,0,0,0,0,0,0,0,0,0,0,Psi_Site_Chen_MathFeature_Latest_5_0_10_5_1
N295,0,0,0,0,0,0,0,0,0,0,Psi_Site_Chen_MathFeature_Latest_5_0_10_5_1
N296,0,0,0,0,0,0,0,0,0,0,Psi_Site_Chen_MathFeature_Latest_5_0_10_5_1
N297,0,0,0,0,0,0,0,0,0,0,Psi_Site_Chen_MathFeature_Latest_5_0_10_5_1
N298,0,0,0,0,0,0,0,0,0,0,Psi_Site_Chen_MathFeature_Latest_5_0_10_5_1
N299,0,0,0,0,0,0,0,0,0,0,Psi_Site_Chen_MathFeature_Latest_5_0_10_5_1
N300,0,0,0,0,0,0,0,0,0,0,Psi_Site_Chen_MathFeature_Latest_5_0_10_5_1
N301,0,0,0,0,0,0,0,0,0,0,Psi_Site_Chen_MathFeature_Latest_5_0_10_5_1
N302,0,0,0,0,0,0,0,0,0,0,Psi_Site_Chen_MathFeature_Latest_5_0_10_5_1
N303,0,0,0,0,0,0,0,0,0,0,Psi_Site_Chen_MathFeature_Latest_5_0_10_5_1
N304,0,0,0,0,0,0,0,0,0,0,Psi_Site_Chen_MathFeature_Latest_5_0_10_5_1
N305,0,0,0,0,0,0,0,0,0,0,Psi_Site_Chen_MathFeature_Latest_5_0_10_5_1
N306,0,0,0,0,0,0,0,0,0,0,Psi_Site_Chen_MathFeature_Latest_5_0_10_5_1
N307,0,0,0,0,0,0,0,0,0,0,Psi_Site_Chen_MathFeature_Latest_5_0_10_5_1
N308,0,0,0,0,0,0,0,0,0,0,Psi_Site_Chen_MathFeature_Latest_5_0_10_5_1
N309,0,0,0,0,0,0,0,0,0,0,Psi_Site_Chen_MathFeature_Latest_5_0_10_5_1
N310,0,0,0,0,0,0,0,0,0,0,Psi_Site_Chen_MathFeature_Latest_5_0_10_5_1
N311,0,0,0,0,0,0,0,0,0,0,Psi_Site_Chen_MathFeature_Latest_5_0_10_5_1
N312,0,0,0,0,0,0,0,0,0,0,Psi_Site_Chen_MathFeature_Latest_5_0_10_5_1
N313,0,0,0,0,0,0,0,0,0,0,Psi_Site_Chen_MathFeature_Latest_5_0_10_5_1
N314,0,0,0,0,0,0,0,0,0,0,Psi_Site_Chen_MathFeature_Latest_5_0_10_5_1
N315,0,0,0,0,0,0,0,0,0,0,Psi_Site_Chen_MathFeature_Latest_5_0_10_5_1
N316,0,0,0,0,0,0,0,0,0,0,Psi_Site_Chen_MathFeature_Latest_5_0_10_5_1
N317,0,0,0,0,0,0,0,0,0,0,Psi_Site_Chen_MathFeature_Latest_5_0_10_5_1
N318,0,0,0,0,0,0,0,0,0,0,Psi_Site_Chen_MathFeature_Latest_5_0_10_5_1
N319,0,0,0,0,0,0,0,0,0,0,Psi_Site_Chen_MathFeature_Latest_5_0_10_5_1
N320,0,0,0,0,0,0,0,0,0,0,Psi_Site_Chen_MathFeature_Latest_5_0_10_5_1
N321,0,0,0,0,0,0,0,0,0,0,Psi_Site_Chen_MathFeature_Latest_5_0_10_5_1
N322,0,0,0,0,0,0,0,0,0,0,Psi_Site_Chen_MathFeature_Latest_5_0_10_5_1
N323,0,0,0,0,0,0,0,0,0,0,Psi_Site_Chen_MathFeature_Latest_5_0_10_5_1
N324,0,0,0,0,0,0,0,0,0,0,Psi_Site_Chen_MathFeature_Latest_5_0_10_5_1
N325,0,0,0,0,0,0,0,0,0,0,Psi_Site_Chen_MathFeature_Latest_5_0_10_5_1
N326,0,0,0,0,0,0,0,0,0,0,Psi_Site_Chen_MathFeature_Latest_5_0_10_5_1
N327,0,0,0,0,0,0,0,0,0,0,Psi_Site_Chen_MathFeature_Latest_5_0_10_5_1
N328,0,0,0,0,0,0,0,0,0,0,Psi_Site_Chen_MathFeature_Latest_5_0_10_5_1
N329,12,12,0.0,12.0,0.0,33.33333333333333,33.33333333333333,0.0,33.33333333333333,0.0,Psi_Site_Chen_MathFeature_Latest_5_0_10_5_1
N330,0,0,0,0,0,0,0,0,0,0,Psi_Site_Chen_MathFeature_Latest_5_0_10_5_1
N331,0,0,0,0,0,0,0,0,0,0,Psi_Site_Chen_MathFeature_Latest_5_0_10_5_1
N332,0,0,0,0,0,0,0,0,0,0,Psi_Site_Chen_MathFeature_Latest_5_0_10_5_1
N333,0,0,0,0,0,0,0,0,0,0,Psi_Site_Chen_MathFeature_Latest_5_0_10_5_1
N334,0,0,0,0,0,0,0,0,0,0,Psi_Site_Chen_MathFeature_Latest_5_0_10_5_1
N335,0,0,0,0,0,0,0,0,0,0,Psi_Site_Chen_MathFeature_Latest_5_0_10_5_1
N336,0,0,0,0,0,0,0,0,0,0,Psi_Site_Chen_MathFeature_Latest_5_0_10_5_1
N337,0,0,0,0,0,0,0,0,0,0,Psi_Site_Chen_MathFeature_Latest_5_0_10_5_1
N338,0,0,0,0,0,0,0,0,0,0,Psi_Site_Chen_MathFeature_Latest_5_0_10_5_1
N339,0,0,0,0,0,0,0,0,0,0,Psi_Site_Chen_MathFeature_Latest_5_0_10_5_1
N340,0,0,0,0,0,0,0,0,0,0,Psi_Site_Chen_MathFeature_Latest_5_0_10_5_1
N341,0,0,0,0,0,0,0,0,0,0,Psi_Site_Chen_MathFeature_Latest_5_0_10_5_1
N342,0,0,0,0,0,0,0,0,0,0,Psi_Site_Chen_MathFeature_Latest_5_0_10_5_1
N343,0,0,0,0,0,0,0,0,0,0,Psi_Site_Chen_MathFeature_Latest_5_0_10_5_1
N344,0,0,0,0,0,0,0,0,0,0,Psi_Site_Chen_MathFeature_Latest_5_0_10_5_1
N345,0,0,0,0,0,0,0,0,0,0,Psi_Site_Chen_MathFeature_Latest_5_0_10_5_1
N346,0,0,0,0,0,0,0,0,0,0,Psi_Site_Chen_MathFeature_Latest_5_0_10_5_1
N347,0,0,0,0,0,0,0,0,0,0,Psi_Site_Chen_MathFeature_Latest_5_0_10_5_1
N348,0,0,0,0,0,0,0,0,0,0,Psi_Site_Chen_MathFeature_Latest_5_0_10_5_1
N349,0,0,0,0,0,0,0,0,0,0,Psi_Site_Chen_MathFeature_Latest_5_0_10_5_1
N350,0,0,0,0,0,0,0,0,0,0,Psi_Site_Chen_MathFeature_Latest_5_0_10_5_1
N351,0,0,0,0,0,0,0,0,0,0,Psi_Site_Chen_MathFeature_Latest_5_0_10_5_1
N352,0,0,0,0,0,0,0,0,0,0,Psi_Site_Chen_MathFeature_Latest_5_0_10_5_1
N353,0,0,0,0,0,0,0,0,0,0,Psi_Site_Chen_MathFeature_Latest_5_0_10_5_1
N354,0,0,0,0,0,0,0,0,0,0,Psi_Site_Chen_MathFeature_Latest_5_0_10_5_1
N355,0,0,0,0,0,0,0,0,0,0,Psi_Site_Chen_MathFeature_Latest_5_0_10_5_1
N356,0,0,0,0,0,0,0,0,0,0,Psi_Site_Chen_MathFeature_Latest_5_0_10_5_1
N357,0,0,0,0,0,0,0,0,0,0,Psi_Site_Chen_MathFeature_Latest_5_0_10_5_1
N358,0,0,0,0,0,0,0,0,0,0,Psi_Site_Chen_MathFeature_Latest_5_0_10_5_1
N359,0,0,0,0,0,0,0,0,0,0,Psi_Site_Chen_MathFeature_Latest_5_0_10_5_1
N360,0,0,0,0,0,0,0,0,0,0,Psi_Site_Chen_MathFeature_Latest_5_0_10_5_1
N361,0,0,0,0,0,0,0,0,0,0,Psi_Site_Chen_MathFeature_Latest_5_0_10_5_1
N362,12,12,0.0,12.0,0.0,16.666666666666664,16.666666666666664,0.0,16.666666666666664,0.0,Psi_Site_Chen_MathFeature_Latest_5_0_10_5_1
N363,0,0,0,0,0,0,0,0,0,0,Psi_Site_Chen_MathFeature_Latest_5_0_10_5_1
N364,0,0,0,0,0,0,0,0,0,0,Psi_Site_Chen_MathFeature_Latest_5_0_10_5_1
N365,0,0,0,0,0,0,0,0,0,0,Psi_Site_Chen_MathFeature_Latest_5_0_10_5_1
N366,0,0,0,0,0,0,0,0,0,0,Psi_Site_Chen_MathFeature_Latest_5_0_10_5_1
N367,6,6,0.0,6.0,0.0,33.33333333333333,33.33333333333333,0.0,33.33333333333333,0.0,Psi_Site_Chen_MathFeature_Latest_5_0_10_5_1
N368,0,0,0,0,0,0,0,0,0,0,Psi_Site_Chen_MathFeature_Latest_5_0_10_5_1
N369,0,0,0,0,0,0,0,0,0,0,Psi_Site_Chen_MathFeature_Latest_5_0_10_5_1
N370,0,0,0,0,0,0,0,0,0,0,Psi_Site_Chen_MathFeature_Latest_5_0_10_5_1
N371,6,6,0.0,6.0,0.0,33.33333333333333,33.33333333333333,0.0,33.33333333333333,0.0,Psi_Site_Chen_MathFeature_Latest_5_0_10_5_1
N372,0,0,0,0,0,0,0,0,0,0,Psi_Site_Chen_MathFeature_Latest_5_0_10_5_1
N373,12,12,0.0,12.0,0.0,41.66666666666667,41.66666666666667,0.0,41.66666666666667,0.0,Psi_Site_Chen_MathFeature_Latest_5_0_10_5_1
N374,0,0,0,0,0,0,0,0,0,0,Psi_Site_Chen_MathFeature_Latest_5_0_10_5_1
N375,0,0,0,0,0,0,0,0,0,0,Psi_Site_Chen_MathFeature_Latest_5_0_10_5_1
N376,0,0,0,0,0,0,0,0,0,0,Psi_Site_Chen_MathFeature_Latest_5_0_10_5_1
N377,0,0,0,0,0,0,0,0,0,0,Psi_Site_Chen_MathFeature_Latest_5_0_10_5_1
N378,0,0,0,0,0,0,0,0,0,0,Psi_Site_Chen_MathFeature_Latest_5_0_10_5_1
N379,0,0,0,0,0,0,0,0,0,0,Psi_Site_Chen_MathFeature_Latest_5_0_10_5_1
N380,0,0,0,0,0,0,0,0,0,0,Psi_Site_Chen_MathFeature_Latest_5_0_10_5_1
N381,0,0,0,0,0,0,0,0,0,0,Psi_Site_Chen_MathFeature_Latest_5_0_10_5_1
N382,0,0,0,0,0,0,0,0,0,0,Psi_Site_Chen_MathFeature_Latest_5_0_10_5_1
N383,0,0,0,0,0,0,0,0,0,0,Psi_Site_Chen_MathFeature_Latest_5_0_10_5_1
N384,0,0,0,0,0,0,0,0,0,0,Psi_Site_Chen_MathFeature_Latest_5_0_10_5_1
N385,0,0,0,0,0,0,0,0,0,0,Psi_Site_Chen_MathFeature_Latest_5_0_10_5_1
N386,0,0,0,0,0,0,0,0,0,0,Psi_Site_Chen_MathFeature_Latest_5_0_10_5_1
N387,0,0,0,0,0,0,0,0,0,0,Psi_Site_Chen_MathFeature_Latest_5_0_10_5_1
N388,0,0,0,0,0,0,0,0,0,0,Psi_Site_Chen_MathFeature_Latest_5_0_10_5_1
N389,0,0,0,0,0,0,0,0,0,0,Psi_Site_Chen_MathFeature_Latest_5_0_10_5_1
N390,0,0,0,0,0,0,0,0,0,0,Psi_Site_Chen_MathFeature_Latest_5_0_10_5_1
N391,0,0,0,0,0,0,0,0,0,0,Psi_Site_Chen_MathFeature_Latest_5_0_10_5_1
N392,0,0,0,0,0,0,0,0,0,0,Psi_Site_Chen_MathFeature_Latest_5_0_10_5_1
N393,0,0,0,0,0,0,0,0,0,0,Psi_Site_Chen_MathFeature_Latest_5_0_10_5_1
N394,0,0,0,0,0,0,0,0,0,0,Psi_Site_Chen_MathFeature_Latest_5_0_10_5_1
N395,0,0,0,0,0,0,0,0,0,0,Psi_Site_Chen_MathFeature_Latest_5_0_10_5_1
N396,0,0,0,0,0,0,0,0,0,0,Psi_Site_Chen_MathFeature_Latest_5_0_10_5_1
N397,0,0,0,0,0,0,0,0,0,0,Psi_Site_Chen_MathFeature_Latest_5_0_10_5_1
N398,0,0,0,0,0,0,0,0,0,0,Psi_Site_Chen_MathFeature_Latest_5_0_10_5_1
N399,0,0,0,0,0,0,0,0,0,0,Psi_Site_Chen_MathFeature_Latest_5_0_10_5_1
N400,0,0,0,0,0,0,0,0,0,0,Psi_Site_Chen_MathFeature_Latest_5_0_10_5_1
N401,0,0,0,0,0,0,0,0,0,0,Psi_Site_Chen_MathFeature_Latest_5_0_10_5_1
N402,0,0,0,0,0,0,0,0,0,0,Psi_Site_Chen_MathFeature_Latest_5_0_10_5_1
N403,0,0,0,0,0,0,0,0,0,0,Psi_Site_Chen_MathFeature_Latest_5_0_10_5_1
N404,0,0,0,0,0,0,0,0,0,0,Psi_Site_Chen_MathFeature_Latest_5_0_10_5_1
N405,0,0,0,0,0,0,0,0,0,0,Psi_Site_Chen_MathFeature_Latest_5_0_10_5_1
N406,0,0,0,0,0,0,0,0,0,0,Psi_Site_Chen_MathFeature_Latest_5_0_10_5_1
N407,0,0,0,0,0,0,0,0,0,0,Psi_Site_Chen_MathFeature_Latest_5_0_10_5_1
N408,9,9,0.0,9.0,0.0,44.44444444444444,44.44444444444444,0.0,44.44444444444444,0.0,Psi_Site_Chen_MathFeature_Latest_5_0_10_5_1
N409,0,0,0,0,0,0,0,0,0,0,Psi_Site_Chen_MathFeature_Latest_5_0_10_5_1
N410,0,0,0,0,0,0,0,0,0,0,Psi_Site_Chen_MathFeature_Latest_5_0_10_5_1
N411,0,0,0,0,0,0,0,0,0,0,Psi_Site_Chen_MathFeature_Latest_5_0_10_5_1
N412,0,0,0,0,0,0,0,0,0,0,Psi_Site_Chen_MathFeature_Latest_5_0_10_5_1
N413,0,0,0,0,0,0,0,0,0,0,Psi_Site_Chen_MathFeature_Latest_5_0_10_5_1
N414,0,0,0,0,0,0,0,0,0,0,Psi_Site_Chen_MathFeature_Latest_5_0_10_5_1
N415,0,0,0,0,0,0,0,0,0,0,Psi_Site_Chen_MathFeature_Latest_5_0_10_5_1
N416,0,0,0,0,0,0,0,0,0,0,Psi_Site_Chen_MathFeature_Latest_5_0_10_5_1
N417,0,0,0,0,0,0,0,0,0,0,Psi_Site_Chen_MathFeature_Latest_5_0_10_5_1
N418,0,0,0,0,0,0,0,0,0,0,Psi_Site_Chen_MathFeature_Latest_5_0_10_5_1
N419,0,0,0,0,0,0,0,0,0,0,Psi_Site_Chen_MathFeature_Latest_5_0_10_5_1
N420,0,0,0,0,0,0,0,0,0,0,Psi_Site_Chen_MathFeature_Latest_5_0_10_5_1
N421,0,0,0,0,0,0,0,0,0,0,Psi_Site_Chen_MathFeature_Latest_5_0_10_5_1
N422,0,0,0,0,0,0,0,0,0,0,Psi_Site_Chen_MathFeature_Latest_5_0_10_5_1
N423,0,0,0,0,0,0,0,0,0,0,Psi_Site_Chen_MathFeature_Latest_5_0_10_5_1
N424,0,0,0,0,0,0,0,0,0,0,Psi_Site_Chen_MathFeature_Latest_5_0_10_5_1
N425,0,0,0,0,0,0,0,0,0,0,Psi_Site_Chen_MathFeature_Latest_5_0_10_5_1
N426,0,0,0,0,0,0,0,0,0,0,Psi_Site_Chen_MathFeature_Latest_5_0_10_5_1
N427,12,12,0.0,12.0,0.0,25.0,25.0,0.0,25.0,0.0,Psi_Site_Chen_MathFeature_Latest_5_0_10_5_1
N428,0,0,0,0,0,0,0,0,0,0,Psi_Site_Chen_MathFeature_Latest_5_0_10_5_1
N429,0,0,0,0,0,0,0,0,0,0,Psi_Site_Chen_MathFeature_Latest_5_0_10_5_1
N430,0,0,0,0,0,0,0,0,0,0,Psi_Site_Chen_MathFeature_Latest_5_0_10_5_1
N431,0,0,0,0,0,0,0,0,0,0,Psi_Site_Chen_MathFeature_Latest_5_0_10_5_1
N432,0,0,0,0,0,0,0,0,0,0,Psi_Site_Chen_MathFeature_Latest_5_0_10_5_1
N433,0,0,0,0,0,0,0,0,0,0,Psi_Site_Chen_MathFeature_Latest_5_0_10_5_1
N434,6,6,0.0,6.0,0.0,16.666666666666664,16.666666666666664,0.0,16.666666666666664,0.0,Psi_Site_Chen_MathFeature_Latest_5_0_10_5_1
N435,0,0,0,0,0,0,0,0,0,0,Psi_Site_Chen_MathFeature_Latest_5_0_10_5_1
N436,0,0,0,0,0,0,0,0,0,0,Psi_Site_Chen_MathFeature_Latest_5_0_10_5_1
N437,0,0,0,0,0,0,0,0,0,0,Psi_Site_Chen_MathFeature_Latest_5_0_10_5_1
N438,0,0,0,0,0,0,0,0,0,0,Psi_Site_Chen_MathFeature_Latest_5_0_10_5_1
N439,0,0,0,0,0,0,0,0,0,0,Psi_Site_Chen_MathFeature_Latest_5_0_10_5_1
N440,0,0,0,0,0,0,0,0,0,0,Psi_Site_Chen_MathFeature_Latest_5_0_10_5_1
N441,0,0,0,0,0,0,0,0,0,0,Psi_Site_Chen_MathFeature_Latest_5_0_10_5_1
N442,0,0,0,0,0,0,0,0,0,0,Psi_Site_Chen_MathFeature_Latest_5_0_10_5_1
N443,0,0,0,0,0,0,0,0,0,0,Psi_Site_Chen_MathFeature_Latest_5_0_10_5_1
N444,0,0,0,0,0,0,0,0,0,0,Psi_Site_Chen_MathFeature_Latest_5_0_10_5_1
N445,0,0,0,0,0,0,0,0,0,0,Psi_Site_Chen_MathFeature_Latest_5_0_10_5_1
N446,0,0,0,0,0,0,0,0,0,0,Psi_Site_Chen_MathFeature_Latest_5_0_10_5_1
N447,0,0,0,0,0,0,0,0,0,0,Psi_Site_Chen_MathFeature_Latest_5_0_10_5_1
N448,0,0,0,0,0,0,0,0,0,0,Psi_Site_Chen_MathFeature_Latest_5_0_10_5_1
N449,0,0,0,0,0,0,0,0,0,0,Psi_Site_Chen_MathFeature_Latest_5_0_10_5_1
N450,0,0,0,0,0,0,0,0,0,0,Psi_Site_Chen_MathFeature_Latest_5_0_10_5_1
N451,0,0,0,0,0,0,0,0,0,0,Psi_Site_Chen_MathFeature_Latest_5_0_10_5_1
N452,0,0,0,0,0,0,0,0,0,0,Psi_Site_Chen_MathFeature_Latest_5_0_10_5_1
N453,0,0,0,0,0,0,0,0,0,0,Psi_Site_Chen_MathFeature_Latest_5_0_10_5_1
N454,0,0,0,0,0,0,0,0,0,0,Psi_Site_Chen_MathFeature_Latest_5_0_10_5_1
N455,0,0,0,0,0,0,0,0,0,0,Psi_Site_Chen_MathFeature_Latest_5_0_10_5_1
N456,0,0,0,0,0,0,0,0,0,0,Psi_Site_Chen_MathFeature_Latest_5_0_10_5_1
N457,0,0,0,0,0,0,0,0,0,0,Psi_Site_Chen_MathFeature_Latest_5_0_10_5_1
N458,0,0,0,0,0,0,0,0,0,0,Psi_Site_Chen_MathFeature_Latest_5_0_10_5_1
N459,0,0,0,0,0,0,0,0,0,0,Psi_Site_Chen_MathFeature_Latest_5_0_10_5_1
N460,0,0,0,0,0,0,0,0,0,0,Psi_Site_Chen_MathFeature_Latest_5_0_10_5_1
N461,0,0,0,0,0,0,0,0,0,0,Psi_Site_Chen_MathFeature_Latest_5_0_10_5_1
N462,0,0,0,0,0,0,0,0,0,0,Psi_Site_Chen_MathFeature_Latest_5_0_10_5_1
N463,0,0,0,0,0,0,0,0,0,0,Psi_Site_Chen_MathFeature_Latest_5_0_10_5_1
N464,0,0,0,0,0,0,0,0,0,0,Psi_Site_Chen_MathFeature_Latest_5_0_10_5_1
N465,6,6,0.0,6.0,0.0,33.33333333333333,33.33333333333333,0.0,33.33333333333333,0.0,Psi_Site_Chen_MathFeature_Latest_5_0_10_5_1
N466,0,0,0,0,0,0,0,0,0,0,Psi_Site_Chen_MathFeature_Latest_5_0_10_5_1
N467,0,0,0,0,0,0,0,0,0,0,Psi_Site_Chen_MathFeature_Latest_5_0_10_5_1
N468,0,0,0,0,0,0,0,0,0,0,Psi_Site_Chen_MathFeature_Latest_5_0_10_5_1
N469,0,0,0,0,0,0,0,0,0,0,Psi_Site_Chen_MathFeature_Latest_5_0_10_5_1
N470,0,0,0,0,0,0,0,0,0,0,Psi_Site_Chen_MathFeature_Latest_5_0_10_5_1
N471,0,0,0,0,0,0,0,0,0,0,Psi_Site_Chen_MathFeature_Latest_5_0_10_5_1
N472,0,0,0,0,0,0,0,0,0,0,Psi_Site_Chen_MathFeature_Latest_5_0_10_5_1
N473,0,0,0,0,0,0,0,0,0,0,Psi_Site_Chen_MathFeature_Latest_5_0_10_5_1
N474,12,12,0.0,12.0,0.0,25.0,25.0,0.0,25.0,0.0,Psi_Site_Chen_MathFeature_Latest_5_0_10_5_1
N475,0,0,0,0,0,0,0,0,0,0,Psi_Site_Chen_MathFeature_Latest_5_0_10_5_1
N476,0,0,0,0,0,0,0,0,0,0,Psi_Site_Chen_MathFeature_Latest_5_0_10_5_1
N477,0,0,0,0,0,0,0,0,0,0,Psi_Site_Chen_MathFeature_Latest_5_0_10_5_1
N478,0,0,0,0,0,0,0,0,0,0,Psi_Site_Chen_MathFeature_Latest_5_0_10_5_1
N479,0,0,0,0,0,0,0,0,0,0,Psi_Site_Chen_MathFeature_Latest_5_0_10_5_1
N480,0,0,0,0,0,0,0,0,0,0,Psi_Site_Chen_MathFeature_Latest_5_0_10_5_1
N481,0,0,0,0,0,0,0,0,0,0,Psi_Site_Chen_MathFeature_Latest_5_0_10_5_1
N482,0,0,0,0,0,0,0,0,0,0,Psi_Site_Chen_MathFeature_Latest_5_0_10_5_1
N483,0,0,0,0,0,0,0,0,0,0,Psi_Site_Chen_MathFeature_Latest_5_0_10_5_1
N484,9,9,0.0,9.0,0.0,22.22222222222222,22.22222222222222,0.0,22.22222222222222,0.0,Psi_Site_Chen_MathFeature_Latest_5_0_10_5_1
N485,0,0,0,0,0,0,0,0,0,0,Psi_Site_Chen_MathFeature_Latest_5_0_10_5_1
N486,0,0,0,0,0,0,0,0,0,0,Psi_Site_Chen_MathFeature_Latest_5_0_10_5_1
N487,0,0,0,0,0,0,0,0,0,0,Psi_Site_Chen_MathFeature_Latest_5_0_10_5_1
N488,0,0,0,0,0,0,0,0,0,0,Psi_Site_Chen_MathFeature_Latest_5_0_10_5_1
N489,0,0,0,0,0,0,0,0,0,0,Psi_Site_Chen_MathFeature_Latest_5_0_10_5_1
N490,0,0,0,0,0,0,0,0,0,0,Psi_Site_Chen_MathFeature_Latest_5_0_10_5_1
N491,0,0,0,0,0,0,0,0,0,0,Psi_Site_Chen_MathFeature_Latest_5_0_10_5_1
N492,0,0,0,0,0,0,0,0,0,0,Psi_Site_Chen_MathFeature_Latest_5_0_10_5_1
N493,12,12,0.0,12.0,0.0,25.0,25.0,0.0,25.0,0.0,Psi_Site_Chen_MathFeature_Latest_5_0_10_5_1
N494,0,0,0,0,0,0,0,0,0,0,Psi_Site_Chen_MathFeature_Latest_5_0_10_5_1
N495,0,0,0,0,0,0,0,0,0,0,Psi_Site_Chen_MathFeature_Latest_5_0_10_5_1
