nameseq,fickett_score-ORF,fickett_score-full-sequence,label
P1,0.4234,0.27134,Psi_Site_Chen_MathFeature_Latest_5_0_10_5_1
P2,0.38759999999999994,0.26744,Psi_Site_Chen_MathFeature_Latest_5_0_10_5_1
P3,0.7471,0.39061,Psi_Site_Chen_MathFeature_Latest_5_0_10_5_1
P4,0.46020000000000005,0.24394,Psi_Site_Chen_MathFeature_Latest_5_0_10_5_1
P5,0.8557,0.32418,Psi_Site_Chen_MathFeature_Latest_5_0_10_5_1
P6,0.5033,0.29644000000000004,Psi_Site_Chen_MathFeature_Latest_5_0_10_5_1
P7,0.47350000000000003,0.2536,Psi_Site_Chen_MathFeature_Latest_5_0_10_5_1
P8,1.0139,0.33709999999999996,Psi_Site_Chen_MathFeature_Latest_5_0_10_5_1
P9,0.5027999999999999,0.25649,Psi_Site_Chen_MathFeature_Latest_5_0_10_5_1
P10,0.7226,0.25126,Psi_Site_Chen_MathFeature_Latest_5_0_10_5_1
P11,0.7457,0.36258999999999997,Psi_Site_Chen_MathFeature_Latest_5_0_10_5_1
P12,0.5113,0.23933,Psi_Site_Chen_MathFeature_Latest_5_0_10_5_1
P13,0.8678,0.3346,Psi_Site_Chen_MathFeature_Latest_5_0_10_5_1
P14,0.7501,0.33381,Psi_Site_Chen_MathFeature_Latest_5_0_10_5_1
P15,0.9477,0.39744999999999997,Psi_Site_Chen_MathFeature_Latest_5_0_10_5_1
P16,0.8332,0.34987999999999997,Psi_Site_Chen_MathFeature_Latest_5_0_10_5_1
P17,0.3852,0.23993,Psi_Site_Chen_MathFeature_Latest_5_0_10_5_1
P18,0.6023,0.36022,Psi_Site_Chen_MathFeature_Latest_5_0_10_5_1
P19,0.7049,0.35185,Psi_Site_Chen_MathFeature_Latest_5_0_10_5_1
P20,0.7951,0.39385000000000003,Psi_Site_Chen_MathFeature_Latest_5_0_10_5_1
P21,0.8273999999999999,0.34783,Psi_Site_Chen_MathFeature_Latest_5_0_10_5_1
P22,0.6869,0.36021,Psi_Site_Chen_MathFeature_Latest_5_0_10_5_1
P23,0.6388,0.23638,Psi_Site_Chen_MathFeature_Latest_5_0_10_5_1
P24,0.4356,0.27068000000000003,Psi_Site_Chen_MathFeature_Latest_5_0_10_5_1
P25,0.769,0.36311,Psi_Site_Chen_MathFeature_Latest_5_0_10_5_1
P26,0.6238,0.36805,Psi_Site_Chen_MathFeature_Latest_5_0_10_5_1
P27,0.38070000000000004,0.25903000000000004,Psi_Site_Chen_MathFeature_Latest_5_0_10_5_1
P28,0.40280000000000005,0.23741,Psi_Site_Chen_MathFeature_Latest_5_0_10_5_1
P29,0.48330000000000006,0.25066,Psi_Site_Chen_MathFeature_Latest_5_0_10_5_1
P30,0.8180000000000001,0.35725,Psi_Site_Chen_MathFeature_Latest_5_0_10_5_1
P31,0.5278,0.24151,Psi_Site_Chen_MathFeature_Latest_5_0_10_5_1
P32,0.6685,0.31488,Psi_Site_Chen_MathFeature_Latest_5_0_10_5_1
P33,0.472,0.22849,Psi_Site_Chen_MathFeature_Latest_5_0_10_5_1
P34,0.6448,0.25386000000000003,Psi_Site_Chen_MathFeature_Latest_5_0_10_5_1
P35,0.5861999999999999,0.27331,Psi_Site_Chen_MathFeature_Latest_5_0_10_5_1
P36,0.9644,0.30874999999999997,Psi_Site_Chen_MathFeature_Latest_5_0_10_5_1
P37,0.4941,0.29098,Psi_Site_Chen_MathFeature_Latest_5_0_10_5_1
P38,0.3983,0.25651,Psi_Site_Chen_MathFeature_Latest_5_0_10_5_1
P39,0.8898,0.33238,Psi_Site_Chen_MathFeature_Latest_5_0_10_5_1
P40,0.7383,0.36106000000000005,Psi_Site_Chen_MathFeature_Latest_5_0_10_5_1
P41,0.5404,0.27379,Psi_Site_Chen_MathFeature_Latest_5_0_10_5_1
P42,0.5510999999999999,0.35176,Psi_Site_Chen_MathFeature_Latest_5_0_10_5_1
P43,0.6678,0.27007,Psi_Site_Chen_MathFeature_Latest_5_0_10_5_1
P44,0.7715,0.37788,Psi_Site_Chen_MathFeature_Latest_5_0_10_5_1
P45,0.5373,0.25991,Psi_Site_Chen_MathFeature_Latest_5_0_10_5_1
P46,0.6716,0.35758,Psi_Site_Chen_MathFeature_Latest_5_0_10_5_1
P47,0.6889,0.36053,Psi_Site_Chen_MathFeature_Latest_5_0_10_5_1
P48,0.3516,0.23483,Psi_Site_Chen_MathFeature_Latest_5_0_10_5_1
P49,0.5568000000000001,0.2851,Psi_Site_Chen_MathFeature_Latest_5_0_10_5_1
P50,0.45589999999999997,0.27544,Psi_Site_Chen_MathFeature_Latest_5_0_10_5_1
P51,0.45420000000000005,0.22646,Psi_Site_Chen_MathFeature_Latest_5_0_10_5_1
P52,0.5039,0.27868000000000004,Psi_Site_Chen_MathFeature_Latest_5_0_10_5_1
P53,0.8261,0.36955,Psi_Site_Chen_MathFeature_Latest_5_0_10_5_1
P54,0.8397,0.35806,Psi_Site_Chen_MathFeature_Latest_5_0_10_5_1
P55,0.49150000000000005,0.27033999999999997,Psi_Site_Chen_MathFeature_Latest_5_0_10_5_1
P56,0.7065,0.27889,Psi_Site_Chen_MathFeature_Latest_5_0_10_5_1
P57,0.7255999999999999,0.36683,Psi_Site_Chen_MathFeature_Latest_5_0_10_5_1
P58,0.37470000000000003,0.24155,Psi_Site_Chen_MathFeature_Latest_5_0_10_5_1
P59,0.4212,0.26342,Psi_Site_Chen_MathFeature_Latest_5_0_10_5_1
P60,0.8369,0.35887,Psi_Site_Chen_MathFeature_Latest_5_0_10_5_1
P61,0.5918,0.35596,Psi_Site_Chen_MathFeature_Latest_5_0_10_5_1
P62,0.5641,0.22174,Psi_Site_Chen_MathFeature_Latest_5_0_10_5_1
P63,0.8183,0.31399,Psi_Site_Chen_MathFeature_Latest_5_0_10_5_1
P64,0.7479,0.35342,Psi_Site_Chen_MathFeature_Latest_5_0_10_5_1
P65,0.9779,0.31949,Psi_Site_Chen_MathFeature_Latest_5_0_10_5_1
P66,0.5597,0.2917,Psi_Site_Chen_MathFeature_Latest_5_0_10_5_1
P67,0.8521,0.37571,Psi_Site_Chen_MathFeature_Latest_5_0_10_5_1
P68,0.8863,0.38791,Psi_Site_Chen_MathFeature_Latest_5_0_10_5_1
P69,1.0193,0.36538,Psi_Site_Chen_MathFeature_Latest_5_0_10_5_1
P70,0.44389999999999996,0.25195,Psi_Site_Chen_MathFeature_Latest_5_0_10_5_1
P71,0.46620000000000006,0.24995,Psi_Site_Chen_MathFeature_Latest_5_0_10_5_1
P72,0.5971000000000001,0.22649,Psi_Site_Chen_MathFeature_Latest_5_0_10_5_1
P73,0.7227,0.2638,Psi_Site_Chen_MathFeature_Latest_5_0_10_5_1
P74,0.8365,0.37557999999999997,Psi_Site_Chen_MathFeature_Latest_5_0_10_5_1
P75,0.5628000000000001,0.25325000000000003,Psi_Site_Chen_MathFeature_Latest_5_0_10_5_1
P76,0.9218000000000001,0.34973,Psi_Site_Chen_MathFeature_Latest_5_0_10_5_1
P77,0.8937,0.36731,Psi_Site_Chen_MathFeature_Latest_5_0_10_5_1
P78,0.8321000000000001,0.35607999999999995,Psi_Site_Chen_MathFeature_Latest_5_0_10_5_1
P79,0.7375,0.34291,Psi_Site_Chen_MathFeature_Latest_5_0_10_5_1
P80,0.45420000000000005,0.22646,Psi_Site_Chen_MathFeature_Latest_5_0_10_5_1
P81,0.4383,0.27796000000000004,Psi_Site_Chen_MathFeature_Latest_5_0_10_5_1
P82,0.8744999999999999,0.36367,Psi_Site_Chen_MathFeature_Latest_5_0_10_5_1
P83,0.7751,0.30573,Psi_Site_Chen_MathFeature_Latest_5_0_10_5_1
P84,0.7074,0.27997,Psi_Site_Chen_MathFeature_Latest_5_0_10_5_1
P85,0.48929999999999996,0.25667,Psi_Site_Chen_MathFeature_Latest_5_0_10_5_1
P86,0.8783,0.34072,Psi_Site_Chen_MathFeature_Latest_5_0_10_5_1
P87,0.5265,0.27031,Psi_Site_Chen_MathFeature_Latest_5_0_10_5_1
P88,0.9231999999999999,0.36766,Psi_Site_Chen_MathFeature_Latest_5_0_10_5_1
P89,0.9652999999999999,0.37561,Psi_Site_Chen_MathFeature_Latest_5_0_10_5_1
P90,0.7353999999999999,0.36713,Psi_Site_Chen_MathFeature_Latest_5_0_10_5_1
P91,0.7775,0.35507,Psi_Site_Chen_MathFeature_Latest_5_0_10_5_1
P92,0.6980999999999999,0.3442,Psi_Site_Chen_MathFeature_Latest_5_0_10_5_1
P93,0.9219999999999999,0.36232,Psi_Site_Chen_MathFeature_Latest_5_0_10_5_1
P94,0.8992,0.33504999999999996,Psi_Site_Chen_MathFeature_Latest_5_0_10_5_1
P95,0.6645,0.24247999999999997,Psi_Site_Chen_MathFeature_Latest_5_0_10_5_1
P96,0.9853,0.36985999999999997,Psi_Site_Chen_MathFeature_Latest_5_0_10_5_1
P97,0.5649000000000001,0.29704,Psi_Site_Chen_MathFeature_Latest_5_0_10_5_1
P98,0.4234,0.27134,Psi_Site_Chen_MathFeature_Latest_5_0_10_5_1
P99,1.0139,0.33709999999999996,Psi_Site_Chen_MathFeature_Latest_5_0_10_5_1
P100,0.657,0.32966,Psi_Site_Chen_MathFeature_Latest_5_0_10_5_1
P101,0.7014,0.26249,Psi_Site_Chen_MathFeature_Latest_5_0_10_5_1
P102,0.8442000000000001,0.33896000000000004,Psi_Site_Chen_MathFeature_Latest_5_0_10_5_1
P103,0.7478999999999999,0.36292,Psi_Site_Chen_MathFeature_Latest_5_0_10_5_1
P104,0.829,0.36899000000000004,Psi_Site_Chen_MathFeature_Latest_5_0_10_5_1
P105,0.7277,0.34585,Psi_Site_Chen_MathFeature_Latest_5_0_10_5_1
P106,0.5361,0.29042,Psi_Site_Chen_MathFeature_Latest_5_0_10_5_1
P107,0.8091,0.34963999999999995,Psi_Site_Chen_MathFeature_Latest_5_0_10_5_1
P108,0.9331999999999999,0.36980999999999997,Psi_Site_Chen_MathFeature_Latest_5_0_10_5_1
P109,0.39480000000000004,0.26948000000000005,Psi_Site_Chen_MathFeature_Latest_5_0_10_5_1
P110,0.7255999999999999,0.36683,Psi_Site_Chen_MathFeature_Latest_5_0_10_5_1
P111,0.8956,0.32801,Psi_Site_Chen_MathFeature_Latest_5_0_10_5_1
P112,0.811,0.37735,Psi_Site_Chen_MathFeature_Latest_5_0_10_5_1
P113,0.8858,0.32624,Psi_Site_Chen_MathFeature_Latest_5_0_10_5_1
P114,0.8442000000000001,0.33896000000000004,Psi_Site_Chen_MathFeature_Latest_5_0_10_5_1
P115,0.9719000000000001,0.35134,Psi_Site_Chen_MathFeature_Latest_5_0_10_5_1
P116,0.4053,0.25907,Psi_Site_Chen_MathFeature_Latest_5_0_10_5_1
P117,0.8917,0.34767,Psi_Site_Chen_MathFeature_Latest_5_0_10_5_1
P118,0.48119999999999996,0.27488,Psi_Site_Chen_MathFeature_Latest_5_0_10_5_1
P119,0.5613,0.26903,Psi_Site_Chen_MathFeature_Latest_5_0_10_5_1
P120,0.8595999999999999,0.34036999999999995,Psi_Site_Chen_MathFeature_Latest_5_0_10_5_1
P121,0.657,0.32966,Psi_Site_Chen_MathFeature_Latest_5_0_10_5_1
P122,0.5912999999999999,0.37114,Psi_Site_Chen_MathFeature_Latest_5_0_10_5_1
P123,0.6985,0.32089,Psi_Site_Chen_MathFeature_Latest_5_0_10_5_1
P124,0.4356,0.27068000000000003,Psi_Site_Chen_MathFeature_Latest_5_0_10_5_1
P125,0.8170000000000001,0.34550000000000003,Psi_Site_Chen_MathFeature_Latest_5_0_10_5_1
P126,0.4615,0.23011,Psi_Site_Chen_MathFeature_Latest_5_0_10_5_1
P127,0.793,0.33638,Psi_Site_Chen_MathFeature_Latest_5_0_10_5_1
P128,0.6714,0.24867999999999998,Psi_Site_Chen_MathFeature_Latest_5_0_10_5_1
P129,0.8676999999999999,0.37388,Psi_Site_Chen_MathFeature_Latest_5_0_10_5_1
P130,0.6415,0.35968,Psi_Site_Chen_MathFeature_Latest_5_0_10_5_1
P131,0.5672999999999999,0.36202,Psi_Site_Chen_MathFeature_Latest_5_0_10_5_1
P132,0.9692000000000001,0.34306,Psi_Site_Chen_MathFeature_Latest_5_0_10_5_1
P133,0.5819,0.27895000000000003,Psi_Site_Chen_MathFeature_Latest_5_0_10_5_1
P134,0.657,0.32966,Psi_Site_Chen_MathFeature_Latest_5_0_10_5_1
P135,0.4504,0.22849,Psi_Site_Chen_MathFeature_Latest_5_0_10_5_1
P136,0.7875,0.38071,Psi_Site_Chen_MathFeature_Latest_5_0_10_5_1
P137,0.8978,0.34060999999999997,Psi_Site_Chen_MathFeature_Latest_5_0_10_5_1
P138,0.7501,0.33381,Psi_Site_Chen_MathFeature_Latest_5_0_10_5_1
P139,0.7956,0.34478,Psi_Site_Chen_MathFeature_Latest_5_0_10_5_1
P140,0.7915,0.35216,Psi_Site_Chen_MathFeature_Latest_5_0_10_5_1
P141,0.7311,0.27761,Psi_Site_Chen_MathFeature_Latest_5_0_10_5_1
P142,0.4949,0.23065999999999998,Psi_Site_Chen_MathFeature_Latest_5_0_10_5_1
P143,0.9235,0.36904,Psi_Site_Chen_MathFeature_Latest_5_0_10_5_1
P144,0.8362,0.36861999999999995,Psi_Site_Chen_MathFeature_Latest_5_0_10_5_1
P145,0.6985,0.32089,Psi_Site_Chen_MathFeature_Latest_5_0_10_5_1
P146,0.6436999999999999,0.34975,Psi_Site_Chen_MathFeature_Latest_5_0_10_5_1
P147,0.8648,0.33586,Psi_Site_Chen_MathFeature_Latest_5_0_10_5_1
P148,0.6678,0.27007,Psi_Site_Chen_MathFeature_Latest_5_0_10_5_1
P149,0.8381,0.34602,Psi_Site_Chen_MathFeature_Latest_5_0_10_5_1
P150,0.7684,0.34543999999999997,Psi_Site_Chen_MathFeature_Latest_5_0_10_5_1
P151,0.5355,0.2545,Psi_Site_Chen_MathFeature_Latest_5_0_10_5_1
P152,0.9616,0.37222,Psi_Site_Chen_MathFeature_Latest_5_0_10_5_1
P153,0.6705,0.34040000000000004,Psi_Site_Chen_MathFeature_Latest_5_0_10_5_1
P154,0.9076,0.35150000000000003,Psi_Site_Chen_MathFeature_Latest_5_0_10_5_1
P155,0.7423,0.37943,Psi_Site_Chen_MathFeature_Latest_5_0_10_5_1
P156,0.6771,0.26836,Psi_Site_Chen_MathFeature_Latest_5_0_10_5_1
P157,0.7549,0.34058,Psi_Site_Chen_MathFeature_Latest_5_0_10_5_1
P158,0.6815,0.28171,Psi_Site_Chen_MathFeature_Latest_5_0_10_5_1
P159,0.8531,0.36211,Psi_Site_Chen_MathFeature_Latest_5_0_10_5_1
P160,0.6135,0.26377,Psi_Site_Chen_MathFeature_Latest_5_0_10_5_1
P161,0.3516,0.23483,Psi_Site_Chen_MathFeature_Latest_5_0_10_5_1
P162,0.41159999999999997,0.26156,Psi_Site_Chen_MathFeature_Latest_5_0_10_5_1
P163,0.6528999999999999,0.34292,Psi_Site_Chen_MathFeature_Latest_5_0_10_5_1
P164,0.5173,0.24313,Psi_Site_Chen_MathFeature_Latest_5_0_10_5_1
P165,0.5842999999999999,0.36858,Psi_Site_Chen_MathFeature_Latest_5_0_10_5_1
P166,0.8503999999999999,0.36373,Psi_Site_Chen_MathFeature_Latest_5_0_10_5_1
P167,0.8437,0.36476,Psi_Site_Chen_MathFeature_Latest_5_0_10_5_1
P168,0.5795,0.24833,Psi_Site_Chen_MathFeature_Latest_5_0_10_5_1
P169,0.5965,0.24467,Psi_Site_Chen_MathFeature_Latest_5_0_10_5_1
P170,0.8035,0.33476,Psi_Site_Chen_MathFeature_Latest_5_0_10_5_1
P171,0.7494999999999999,0.36639999999999995,Psi_Site_Chen_MathFeature_Latest_5_0_10_5_1
P172,0.45420000000000005,0.22646,Psi_Site_Chen_MathFeature_Latest_5_0_10_5_1
P173,0.8497,0.37348,Psi_Site_Chen_MathFeature_Latest_5_0_10_5_1
P174,0.8271,0.35694,Psi_Site_Chen_MathFeature_Latest_5_0_10_5_1
P175,0.6414,0.23576,Psi_Site_Chen_MathFeature_Latest_5_0_10_5_1
P176,0.3923,0.23903,Psi_Site_Chen_MathFeature_Latest_5_0_10_5_1
P177,0.5142,0.25319,Psi_Site_Chen_MathFeature_Latest_5_0_10_5_1
P178,0.7896,0.33421,Psi_Site_Chen_MathFeature_Latest_5_0_10_5_1
P179,0.7513,0.23104,Psi_Site_Chen_MathFeature_Latest_5_0_10_5_1
P180,0.6058,0.32708000000000004,Psi_Site_Chen_MathFeature_Latest_5_0_10_5_1
P181,0.9279999999999999,0.36362,Psi_Site_Chen_MathFeature_Latest_5_0_10_5_1
P182,0.9004,0.36232,Psi_Site_Chen_MathFeature_Latest_5_0_10_5_1
P183,0.4234,0.27134,Psi_Site_Chen_MathFeature_Latest_5_0_10_5_1
P184,0.8811,0.37207,Psi_Site_Chen_MathFeature_Latest_5_0_10_5_1
P185,0.6759000000000001,0.28519,Psi_Site_Chen_MathFeature_Latest_5_0_10_5_1
P186,0.7756,0.37151,Psi_Site_Chen_MathFeature_Latest_5_0_10_5_1
P187,0.9803,0.34468,Psi_Site_Chen_MathFeature_Latest_5_0_10_5_1
P188,0.3923,0.23903,Psi_Site_Chen_MathFeature_Latest_5_0_10_5_1
P189,0.779,0.36526000000000003,Psi_Site_Chen_MathFeature_Latest_5_0_10_5_1
P190,0.4989,0.26651,Psi_Site_Chen_MathFeature_Latest_5_0_10_5_1
P191,0.646,0.34058,Psi_Site_Chen_MathFeature_Latest_5_0_10_5_1
P192,0.5779000000000001,0.26383,Psi_Site_Chen_MathFeature_Latest_5_0_10_5_1
P193,0.7262,0.32074,Psi_Site_Chen_MathFeature_Latest_5_0_10_5_1
P194,0.9256,0.34092999999999996,Psi_Site_Chen_MathFeature_Latest_5_0_10_5_1
P195,0.5218,0.23770999999999998,Psi_Site_Chen_MathFeature_Latest_5_0_10_5_1
P196,0.9616,0.37222,Psi_Site_Chen_MathFeature_Latest_5_0_10_5_1
P197,0.5854,0.265,Psi_Site_Chen_MathFeature_Latest_5_0_10_5_1
P198,0.7363,0.35974,Psi_Site_Chen_MathFeature_Latest_5_0_10_5_1
P199,0.6809,0.34273,Psi_Site_Chen_MathFeature_Latest_5_0_10_5_1
P200,0.4999,0.25684,Psi_Site_Chen_MathFeature_Latest_5_0_10_5_1
P201,0.5389,0.24313,Psi_Site_Chen_MathFeature_Latest_5_0_10_5_1
P202,0.6687,0.38416,Psi_Site_Chen_MathFeature_Latest_5_0_10_5_1
P203,0.7683,0.3954,Psi_Site_Chen_MathFeature_Latest_5_0_10_5_1
P204,0.7860999999999999,0.37765000000000004,Psi_Site_Chen_MathFeature_Latest_5_0_10_5_1
P205,0.5895,0.27251000000000003,Psi_Site_Chen_MathFeature_Latest_5_0_10_5_1
P206,0.8112,0.33421,Psi_Site_Chen_MathFeature_Latest_5_0_10_5_1
P207,0.6909,0.38238,Psi_Site_Chen_MathFeature_Latest_5_0_10_5_1
P208,0.7727,0.31855,Psi_Site_Chen_MathFeature_Latest_5_0_10_5_1
P209,0.6349,0.35128000000000004,Psi_Site_Chen_MathFeature_Latest_5_0_10_5_1
P210,0.8863,0.38791,Psi_Site_Chen_MathFeature_Latest_5_0_10_5_1
P211,0.9187,0.33472999999999997,Psi_Site_Chen_MathFeature_Latest_5_0_10_5_1
P212,0.6248999999999999,0.34597,Psi_Site_Chen_MathFeature_Latest_5_0_10_5_1
P213,0.9692000000000001,0.34306,Psi_Site_Chen_MathFeature_Latest_5_0_10_5_1
P214,0.7872,0.34075,Psi_Site_Chen_MathFeature_Latest_5_0_10_5_1
P215,0.36360000000000003,0.25832000000000005,Psi_Site_Chen_MathFeature_Latest_5_0_10_5_1
P216,0.8743,0.36441999999999997,Psi_Site_Chen_MathFeature_Latest_5_0_10_5_1
P217,0.6402,0.33853,Psi_Site_Chen_MathFeature_Latest_5_0_10_5_1
P218,0.776,0.32996,Psi_Site_Chen_MathFeature_Latest_5_0_10_5_1
P219,0.8305,0.37178,Psi_Site_Chen_MathFeature_Latest_5_0_10_5_1
P220,0.6178,0.35057000000000005,Psi_Site_Chen_MathFeature_Latest_5_0_10_5_1
P221,0.3933,0.27344,Psi_Site_Chen_MathFeature_Latest_5_0_10_5_1
P222,0.36960000000000004,0.27580000000000005,Psi_Site_Chen_MathFeature_Latest_5_0_10_5_1
P223,0.8671,0.36928,Psi_Site_Chen_MathFeature_Latest_5_0_10_5_1
P224,0.4842000000000001,0.23937999999999998,Psi_Site_Chen_MathFeature_Latest_5_0_10_5_1
P225,0.7457,0.27637,Psi_Site_Chen_MathFeature_Latest_5_0_10_5_1
P226,0.6831,0.27437,Psi_Site_Chen_MathFeature_Latest_5_0_10_5_1
P227,0.6082,0.31426,Psi_Site_Chen_MathFeature_Latest_5_0_10_5_1
P228,0.427,0.32244,Psi_Site_Chen_MathFeature_Latest_5_0_10_5_1
P229,0.7286,0.26183,Psi_Site_Chen_MathFeature_Latest_5_0_10_5_1
P230,0.7469,0.301,Psi_Site_Chen_MathFeature_Latest_5_0_10_5_1
P231,0.7636,0.33867,Psi_Site_Chen_MathFeature_Latest_5_0_10_5_1
P232,0.7315999999999999,0.38431000000000004,Psi_Site_Chen_MathFeature_Latest_5_0_10_5_1
P233,0.5465,0.24358,Psi_Site_Chen_MathFeature_Latest_5_0_10_5_1
P234,0.6940999999999999,0.32236,Psi_Site_Chen_MathFeature_Latest_5_0_10_5_1
P235,0.5913,0.28348,Psi_Site_Chen_MathFeature_Latest_5_0_10_5_1
P236,0.8206,0.37603,Psi_Site_Chen_MathFeature_Latest_5_0_10_5_1
P237,0.39480000000000004,0.26948000000000005,Psi_Site_Chen_MathFeature_Latest_5_0_10_5_1
P238,0.5408999999999999,0.30160000000000003,Psi_Site_Chen_MathFeature_Latest_5_0_10_5_1
P239,0.5955,0.28999,Psi_Site_Chen_MathFeature_Latest_5_0_10_5_1
P240,0.472,0.22849,Psi_Site_Chen_MathFeature_Latest_5_0_10_5_1
P241,0.9196,0.33713,Psi_Site_Chen_MathFeature_Latest_5_0_10_5_1
P242,0.6015,0.25814,Psi_Site_Chen_MathFeature_Latest_5_0_10_5_1
P243,0.6388,0.23638,Psi_Site_Chen_MathFeature_Latest_5_0_10_5_1
P244,0.9173,0.36295,Psi_Site_Chen_MathFeature_Latest_5_0_10_5_1
P245,0.6058,0.32708000000000004,Psi_Site_Chen_MathFeature_Latest_5_0_10_5_1
P246,0.4347,0.26828,Psi_Site_Chen_MathFeature_Latest_5_0_10_5_1
P247,0.9292,0.33311,Psi_Site_Chen_MathFeature_Latest_5_0_10_5_1
P248,0.7458999999999999,0.35639,Psi_Site_Chen_MathFeature_Latest_5_0_10_5_1
P249,0.6228,0.27998,Psi_Site_Chen_MathFeature_Latest_5_0_10_5_1
P250,0.4793,0.28732,Psi_Site_Chen_MathFeature_Latest_5_0_10_5_1
P251,0.7183999999999999,0.35670999999999997,Psi_Site_Chen_MathFeature_Latest_5_0_10_5_1
P252,0.6761999999999999,0.39186,Psi_Site_Chen_MathFeature_Latest_5_0_10_5_1
P253,0.7927,0.38605,Psi_Site_Chen_MathFeature_Latest_5_0_10_5_1
P254,0.5142,0.25319,Psi_Site_Chen_MathFeature_Latest_5_0_10_5_1
P255,0.853,0.36311000000000004,Psi_Site_Chen_MathFeature_Latest_5_0_10_5_1
P256,0.5915,0.27182,Psi_Site_Chen_MathFeature_Latest_5_0_10_5_1
P257,0.9423,0.34968999999999995,Psi_Site_Chen_MathFeature_Latest_5_0_10_5_1
P258,1.0479,0.37185999999999997,Psi_Site_Chen_MathFeature_Latest_5_0_10_5_1
P259,0.8715999999999999,0.35473999999999994,Psi_Site_Chen_MathFeature_Latest_5_0_10_5_1
P260,0.8805,0.36746999999999996,Psi_Site_Chen_MathFeature_Latest_5_0_10_5_1
P261,0.7501,0.35731999999999997,Psi_Site_Chen_MathFeature_Latest_5_0_10_5_1
P262,0.7471,0.39061,Psi_Site_Chen_MathFeature_Latest_5_0_10_5_1
P263,0.4204,0.21557,Psi_Site_Chen_MathFeature_Latest_5_0_10_5_1
P264,0.4929,0.29836,Psi_Site_Chen_MathFeature_Latest_5_0_10_5_1
P265,0.46620000000000006,0.24995,Psi_Site_Chen_MathFeature_Latest_5_0_10_5_1
P266,0.6656,0.3401,Psi_Site_Chen_MathFeature_Latest_5_0_10_5_1
P267,0.7513,0.23104,Psi_Site_Chen_MathFeature_Latest_5_0_10_5_1
P268,0.8744999999999999,0.36367,Psi_Site_Chen_MathFeature_Latest_5_0_10_5_1
P269,0.7832,0.31693,Psi_Site_Chen_MathFeature_Latest_5_0_10_5_1
P270,0.4234,0.27134,Psi_Site_Chen_MathFeature_Latest_5_0_10_5_1
P271,0.8079,0.38015,Psi_Site_Chen_MathFeature_Latest_5_0_10_5_1
P272,0.6582,0.29356,Psi_Site_Chen_MathFeature_Latest_5_0_10_5_1
P273,0.8633000000000001,0.34223000000000003,Psi_Site_Chen_MathFeature_Latest_5_0_10_5_1
P274,0.4264,0.23305,Psi_Site_Chen_MathFeature_Latest_5_0_10_5_1
P275,0.5483,0.34509,Psi_Site_Chen_MathFeature_Latest_5_0_10_5_1
P276,0.7836,0.33041,Psi_Site_Chen_MathFeature_Latest_5_0_10_5_1
P277,0.6668999999999999,0.38694,Psi_Site_Chen_MathFeature_Latest_5_0_10_5_1
P278,0.5483,0.26218,Psi_Site_Chen_MathFeature_Latest_5_0_10_5_1
P279,0.4204,0.21557,Psi_Site_Chen_MathFeature_Latest_5_0_10_5_1
P280,0.8273999999999999,0.34783,Psi_Site_Chen_MathFeature_Latest_5_0_10_5_1
P281,0.559,0.23068999999999998,Psi_Site_Chen_MathFeature_Latest_5_0_10_5_1
P282,0.5782999999999999,0.35109999999999997,Psi_Site_Chen_MathFeature_Latest_5_0_10_5_1
P283,0.6394,0.33218000000000003,Psi_Site_Chen_MathFeature_Latest_5_0_10_5_1
P284,0.5988,0.27086000000000005,Psi_Site_Chen_MathFeature_Latest_5_0_10_5_1
P285,0.7334999999999999,0.35507999999999995,Psi_Site_Chen_MathFeature_Latest_5_0_10_5_1
P286,0.4407,0.28576,Psi_Site_Chen_MathFeature_Latest_5_0_10_5_1
P287,0.7132000000000001,0.35302,Psi_Site_Chen_MathFeature_Latest_5_0_10_5_1
P288,0.7682,0.33172999999999997,Psi_Site_Chen_MathFeature_Latest_5_0_10_5_1
P289,0.5725,0.23554999999999998,Psi_Site_Chen_MathFeature_Latest_5_0_10_5_1
P290,0.5265,0.27031,Psi_Site_Chen_MathFeature_Latest_5_0_10_5_1
P291,0.39869999999999994,0.25067,Psi_Site_Chen_MathFeature_Latest_5_0_10_5_1
P292,0.7975,0.36963999999999997,Psi_Site_Chen_MathFeature_Latest_5_0_10_5_1
P293,0.3981,0.25670000000000004,Psi_Site_Chen_MathFeature_Latest_5_0_10_5_1
P294,0.6849,0.37858,Psi_Site_Chen_MathFeature_Latest_5_0_10_5_1
P295,0.4842000000000001,0.23937999999999998,Psi_Site_Chen_MathFeature_Latest_5_0_10_5_1
P296,0.6058,0.32708000000000004,Psi_Site_Chen_MathFeature_Latest_5_0_10_5_1
P297,0.574,0.26621,Psi_Site_Chen_MathFeature_Latest_5_0_10_5_1
P298,0.4204,0.21557,Psi_Site_Chen_MathFeature_Latest_5_0_10_5_1
P299,0.4272,0.28090000000000004,Psi_Site_Chen_MathFeature_Latest_5_0_10_5_1
P300,0.5971000000000001,0.22649,Psi_Site_Chen_MathFeature_Latest_5_0_10_5_1
P301,0.5168999999999999,0.2938,Psi_Site_Chen_MathFeature_Latest_5_0_10_5_1
P302,0.8761,0.36983,Psi_Site_Chen_MathFeature_Latest_5_0_10_5_1
P303,0.7636000000000001,0.34511000000000003,Psi_Site_Chen_MathFeature_Latest_5_0_10_5_1
P304,0.45420000000000005,0.22646,Psi_Site_Chen_MathFeature_Latest_5_0_10_5_1
P305,0.7991,0.30117,Psi_Site_Chen_MathFeature_Latest_5_0_10_5_1
P306,0.6693,0.27679,Psi_Site_Chen_MathFeature_Latest_5_0_10_5_1
P307,0.8311,0.38301999999999997,Psi_Site_Chen_MathFeature_Latest_5_0_10_5_1
P308,0.5215,0.25684,Psi_Site_Chen_MathFeature_Latest_5_0_10_5_1
P309,0.7061000000000001,0.24908,Psi_Site_Chen_MathFeature_Latest_5_0_10_5_1
P310,0.5069,0.25415,Psi_Site_Chen_MathFeature_Latest_5_0_10_5_1
P311,0.4347,0.26828,Psi_Site_Chen_MathFeature_Latest_5_0_10_5_1
P312,0.7742,0.34921,Psi_Site_Chen_MathFeature_Latest_5_0_10_5_1
P313,0.7984,0.35836,Psi_Site_Chen_MathFeature_Latest_5_0_10_5_1
P314,0.5224,0.24894999999999998,Psi_Site_Chen_MathFeature_Latest_5_0_10_5_1
P315,0.7812,0.32327000000000006,Psi_Site_Chen_MathFeature_Latest_5_0_10_5_1
P316,0.6448,0.25386000000000003,Psi_Site_Chen_MathFeature_Latest_5_0_10_5_1
P317,0.6509,0.33672,Psi_Site_Chen_MathFeature_Latest_5_0_10_5_1
P318,0.6776,0.36358999999999997,Psi_Site_Chen_MathFeature_Latest_5_0_10_5_1
P319,0.7501,0.33381,Psi_Site_Chen_MathFeature_Latest_5_0_10_5_1
P320,0.4887,0.27588999999999997,Psi_Site_Chen_MathFeature_Latest_5_0_10_5_1
P321,0.6765,0.26597,Psi_Site_Chen_MathFeature_Latest_5_0_10_5_1
P322,0.5732999999999999,0.3795,Psi_Site_Chen_MathFeature_Latest_5_0_10_5_1
P323,0.7594,0.36125,Psi_Site_Chen_MathFeature_Latest_5_0_10_5_1
P324,0.6394,0.33218000000000003,Psi_Site_Chen_MathFeature_Latest_5_0_10_5_1
P325,0.7516,0.35336,Psi_Site_Chen_MathFeature_Latest_5_0_10_5_1
P326,1.0655000000000001,0.35002,Psi_Site_Chen_MathFeature_Latest_5_0_10_5_1
P327,0.9879,0.34513,Psi_Site_Chen_MathFeature_Latest_5_0_10_5_1
P328,0.7975,0.36963999999999997,Psi_Site_Chen_MathFeature_Latest_5_0_10_5_1
P329,0.7264,0.35968,Psi_Site_Chen_MathFeature_Latest_5_0_10_5_1
P330,0.7166,0.24745999999999999,Psi_Site_Chen_MathFeature_Latest_5_0_10_5_1
P331,0.6620999999999999,0.37576,Psi_Site_Chen_MathFeature_Latest_5_0_10_5_1
P332,0.7204,0.3422,Psi_Site_Chen_MathFeature_Latest_5_0_10_5_1
P333,0.4448,0.27838,Psi_Site_Chen_MathFeature_Latest_5_0_10_5_1
P334,0.7742,0.34921,Psi_Site_Chen_MathFeature_Latest_5_0_10_5_1
P335,0.7,0.35155,Psi_Site_Chen_MathFeature_Latest_5_0_10_5_1
P336,0.8356,0.33125,Psi_Site_Chen_MathFeature_Latest_5_0_10_5_1
P337,0.877,0.37223,Psi_Site_Chen_MathFeature_Latest_5_0_10_5_1
P338,0.4788,0.24737,Psi_Site_Chen_MathFeature_Latest_5_0_10_5_1
P339,0.6595,0.35131999999999997,Psi_Site_Chen_MathFeature_Latest_5_0_10_5_1
P340,0.41579999999999995,0.25745,Psi_Site_Chen_MathFeature_Latest_5_0_10_5_1
P341,0.7255999999999999,0.36683,Psi_Site_Chen_MathFeature_Latest_5_0_10_5_1
P342,0.5487,0.33925,Psi_Site_Chen_MathFeature_Latest_5_0_10_5_1
P343,0.8019999999999999,0.35641999999999996,Psi_Site_Chen_MathFeature_Latest_5_0_10_5_1
P344,0.5942999999999999,0.30682,Psi_Site_Chen_MathFeature_Latest_5_0_10_5_1
P345,0.7144,0.33619,Psi_Site_Chen_MathFeature_Latest_5_0_10_5_1
P346,0.8035,0.33476,Psi_Site_Chen_MathFeature_Latest_5_0_10_5_1
P347,0.853,0.36311000000000004,Psi_Site_Chen_MathFeature_Latest_5_0_10_5_1
P348,0.8035,0.33476,Psi_Site_Chen_MathFeature_Latest_5_0_10_5_1
P349,0.9708,0.33970999999999996,Psi_Site_Chen_MathFeature_Latest_5_0_10_5_1
P350,0.9692000000000001,0.34306,Psi_Site_Chen_MathFeature_Latest_5_0_10_5_1
P351,0.7274999999999999,0.3376,Psi_Site_Chen_MathFeature_Latest_5_0_10_5_1
P352,0.7654,0.35727,Psi_Site_Chen_MathFeature_Latest_5_0_10_5_1
P353,0.41159999999999997,0.26156,Psi_Site_Chen_MathFeature_Latest_5_0_10_5_1
P354,0.8035,0.33476,Psi_Site_Chen_MathFeature_Latest_5_0_10_5_1
P355,0.853,0.36311000000000004,Psi_Site_Chen_MathFeature_Latest_5_0_10_5_1
P356,0.5042,0.25955,Psi_Site_Chen_MathFeature_Latest_5_0_10_5_1
P357,0.9768,0.34351,Psi_Site_Chen_MathFeature_Latest_5_0_10_5_1
P358,0.6486999999999999,0.23941,Psi_Site_Chen_MathFeature_Latest_5_0_10_5_1
P359,0.6668999999999999,0.38694,Psi_Site_Chen_MathFeature_Latest_5_0_10_5_1
P360,0.6462,0.27007,Psi_Site_Chen_MathFeature_Latest_5_0_10_5_1
P361,0.8035,0.33476,Psi_Site_Chen_MathFeature_Latest_5_0_10_5_1
P362,0.5007,0.24833,Psi_Site_Chen_MathFeature_Latest_5_0_10_5_1
P363,0.5988,0.27086000000000005,Psi_Site_Chen_MathFeature_Latest_5_0_10_5_1
P364,0.7596999999999999,0.3708,Psi_Site_Chen_MathFeature_Latest_5_0_10_5_1
P365,0.4853,0.3048,Psi_Site_Chen_MathFeature_Latest_5_0_10_5_1
P366,0.6825,0.28027,Psi_Site_Chen_MathFeature_Latest_5_0_10_5_1
P367,0.8933,0.35514999999999997,Psi_Site_Chen_MathFeature_Latest_5_0_10_5_1
P368,0.4354,0.25697000000000003,Psi_Site_Chen_MathFeature_Latest_5_0_10_5_1
P369,0.7937,0.27961,Psi_Site_Chen_MathFeature_Latest_5_0_10_5_1
P370,0.6462,0.27007,Psi_Site_Chen_MathFeature_Latest_5_0_10_5_1
P371,0.8041999999999999,0.36434,Psi_Site_Chen_MathFeature_Latest_5_0_10_5_1
P372,0.6083999999999999,0.27272,Psi_Site_Chen_MathFeature_Latest_5_0_10_5_1
P373,0.6271,0.23941,Psi_Site_Chen_MathFeature_Latest_5_0_10_5_1
P374,0.5058,0.23937999999999998,Psi_Site_Chen_MathFeature_Latest_5_0_10_5_1
P375,0.772,0.35512,Psi_Site_Chen_MathFeature_Latest_5_0_10_5_1
P376,0.9984000000000001,0.34351,Psi_Site_Chen_MathFeature_Latest_5_0_10_5_1
P377,0.9527,0.34088,Psi_Site_Chen_MathFeature_Latest_5_0_10_5_1
P378,0.9703,0.34765,Psi_Site_Chen_MathFeature_Latest_5_0_10_5_1
P379,0.8858,0.32624,Psi_Site_Chen_MathFeature_Latest_5_0_10_5_1
P380,0.4821,0.26749,Psi_Site_Chen_MathFeature_Latest_5_0_10_5_1
P381,0.5087999999999999,0.27868000000000004,Psi_Site_Chen_MathFeature_Latest_5_0_10_5_1
P382,0.9420999999999999,0.40093,Psi_Site_Chen_MathFeature_Latest_5_0_10_5_1
P383,0.46620000000000006,0.24995,Psi_Site_Chen_MathFeature_Latest_5_0_10_5_1
P384,0.5805,0.28274000000000005,Psi_Site_Chen_MathFeature_Latest_5_0_10_5_1
P385,0.8678,0.3346,Psi_Site_Chen_MathFeature_Latest_5_0_10_5_1
P386,0.6138,0.27811,Psi_Site_Chen_MathFeature_Latest_5_0_10_5_1
P387,0.8035,0.33476,Psi_Site_Chen_MathFeature_Latest_5_0_10_5_1
P388,0.3621,0.23321,Psi_Site_Chen_MathFeature_Latest_5_0_10_5_1
P389,0.8571,0.36295,Psi_Site_Chen_MathFeature_Latest_5_0_10_5_1
P390,0.8979999999999999,0.36556,Psi_Site_Chen_MathFeature_Latest_5_0_10_5_1
P391,0.3516,0.23483,Psi_Site_Chen_MathFeature_Latest_5_0_10_5_1
P392,0.6394,0.33218000000000003,Psi_Site_Chen_MathFeature_Latest_5_0_10_5_1
P393,0.9769,0.35605,Psi_Site_Chen_MathFeature_Latest_5_0_10_5_1
P394,0.7742,0.34921,Psi_Site_Chen_MathFeature_Latest_5_0_10_5_1
P395,0.7832,0.31693,Psi_Site_Chen_MathFeature_Latest_5_0_10_5_1
P396,0.5782999999999999,0.35109999999999997,Psi_Site_Chen_MathFeature_Latest_5_0_10_5_1
P397,0.8505999999999999,0.3506,Psi_Site_Chen_MathFeature_Latest_5_0_10_5_1
P398,0.6015,0.25814,Psi_Site_Chen_MathFeature_Latest_5_0_10_5_1
P399,0.7489,0.38782999999999995,Psi_Site_Chen_MathFeature_Latest_5_0_10_5_1
P400,0.8303,0.33748,Psi_Site_Chen_MathFeature_Latest_5_0_10_5_1
P401,0.44430000000000003,0.27121,Psi_Site_Chen_MathFeature_Latest_5_0_10_5_1
P402,0.6091000000000001,0.24998,Psi_Site_Chen_MathFeature_Latest_5_0_10_5_1
P403,0.7475,0.29497,Psi_Site_Chen_MathFeature_Latest_5_0_10_5_1
P404,0.772,0.33673,Psi_Site_Chen_MathFeature_Latest_5_0_10_5_1
P405,0.513,0.2837,Psi_Site_Chen_MathFeature_Latest_5_0_10_5_1
P406,0.859,0.38059,Psi_Site_Chen_MathFeature_Latest_5_0_10_5_1
P407,0.6402,0.33853,Psi_Site_Chen_MathFeature_Latest_5_0_10_5_1
P408,0.7285,0.33381,Psi_Site_Chen_MathFeature_Latest_5_0_10_5_1
P409,0.5882999999999999,0.30301999999999996,Psi_Site_Chen_MathFeature_Latest_5_0_10_5_1
P410,0.3981,0.25670000000000004,Psi_Site_Chen_MathFeature_Latest_5_0_10_5_1
P411,0.6199,0.33838,Psi_Site_Chen_MathFeature_Latest_5_0_10_5_1
P412,0.5865,0.30022000000000004,Psi_Site_Chen_MathFeature_Latest_5_0_10_5_1
P413,0.5527,0.32079,Psi_Site_Chen_MathFeature_Latest_5_0_10_5_1
P414,0.8346999999999999,0.35148,Psi_Site_Chen_MathFeature_Latest_5_0_10_5_1
P415,0.7872,0.34075,Psi_Site_Chen_MathFeature_Latest_5_0_10_5_1
P416,0.3621,0.23321,Psi_Site_Chen_MathFeature_Latest_5_0_10_5_1
P417,0.9471999999999999,0.34092999999999996,Psi_Site_Chen_MathFeature_Latest_5_0_10_5_1
P418,0.5993999999999999,0.24681999999999998,Psi_Site_Chen_MathFeature_Latest_5_0_10_5_1
P419,0.5307,0.34761,Psi_Site_Chen_MathFeature_Latest_5_0_10_5_1
P420,0.7248,0.3562,Psi_Site_Chen_MathFeature_Latest_5_0_10_5_1
P421,0.5915,0.27182,Psi_Site_Chen_MathFeature_Latest_5_0_10_5_1
P422,1.0244000000000002,0.34136,Psi_Site_Chen_MathFeature_Latest_5_0_10_5_1
P423,0.36960000000000004,0.27580000000000005,Psi_Site_Chen_MathFeature_Latest_5_0_10_5_1
P424,0.7704,0.35755,Psi_Site_Chen_MathFeature_Latest_5_0_10_5_1
P425,0.7655,0.3604,Psi_Site_Chen_MathFeature_Latest_5_0_10_5_1
P426,0.853,0.36311000000000004,Psi_Site_Chen_MathFeature_Latest_5_0_10_5_1
P427,0.9142,0.37789,Psi_Site_Chen_MathFeature_Latest_5_0_10_5_1
P428,0.6763,0.35807,Psi_Site_Chen_MathFeature_Latest_5_0_10_5_1
P429,0.5641,0.22174,Psi_Site_Chen_MathFeature_Latest_5_0_10_5_1
P430,0.7291,0.34964,Psi_Site_Chen_MathFeature_Latest_5_0_10_5_1
P431,0.8395,0.35825,Psi_Site_Chen_MathFeature_Latest_5_0_10_5_1
P432,0.853,0.36311000000000004,Psi_Site_Chen_MathFeature_Latest_5_0_10_5_1
P433,0.7099,0.3329,Psi_Site_Chen_MathFeature_Latest_5_0_10_5_1
P434,0.48929999999999996,0.25667,Psi_Site_Chen_MathFeature_Latest_5_0_10_5_1
P435,0.8288,0.31237,Psi_Site_Chen_MathFeature_Latest_5_0_10_5_1
P436,0.9420999999999999,0.40093,Psi_Site_Chen_MathFeature_Latest_5_0_10_5_1
P437,0.7337,0.25288,Psi_Site_Chen_MathFeature_Latest_5_0_10_5_1
P438,0.9897,0.36373,Psi_Site_Chen_MathFeature_Latest_5_0_10_5_1
P439,0.6023,0.36022,Psi_Site_Chen_MathFeature_Latest_5_0_10_5_1
P440,0.7264,0.35968,Psi_Site_Chen_MathFeature_Latest_5_0_10_5_1
P441,0.5882999999999999,0.30301999999999996,Psi_Site_Chen_MathFeature_Latest_5_0_10_5_1
P442,0.6349,0.35128000000000004,Psi_Site_Chen_MathFeature_Latest_5_0_10_5_1
P443,0.8008000000000001,0.35666,Psi_Site_Chen_MathFeature_Latest_5_0_10_5_1
P444,0.5835,0.2665,Psi_Site_Chen_MathFeature_Latest_5_0_10_5_1
P445,0.9599000000000001,0.32785,Psi_Site_Chen_MathFeature_Latest_5_0_10_5_1
P446,0.5445,0.28704999999999997,Psi_Site_Chen_MathFeature_Latest_5_0_10_5_1
P447,0.6821,0.23995999999999998,Psi_Site_Chen_MathFeature_Latest_5_0_10_5_1
P448,0.6614,0.32996000000000003,Psi_Site_Chen_MathFeature_Latest_5_0_10_5_1
P449,0.693,0.24867999999999998,Psi_Site_Chen_MathFeature_Latest_5_0_10_5_1
P450,0.5362,0.24475000000000002,Psi_Site_Chen_MathFeature_Latest_5_0_10_5_1
P451,0.4617,0.25813,Psi_Site_Chen_MathFeature_Latest_5_0_10_5_1
P452,0.4590000000000001,0.26077,Psi_Site_Chen_MathFeature_Latest_5_0_10_5_1
P453,0.6415,0.35968,Psi_Site_Chen_MathFeature_Latest_5_0_10_5_1
P454,0.5042,0.25955,Psi_Site_Chen_MathFeature_Latest_5_0_10_5_1
P455,0.9487,0.34765,Psi_Site_Chen_MathFeature_Latest_5_0_10_5_1
P456,0.6289,0.3338,Psi_Site_Chen_MathFeature_Latest_5_0_10_5_1
P457,0.8484999999999999,0.39907,Psi_Site_Chen_MathFeature_Latest_5_0_10_5_1
P458,0.5643,0.30079,Psi_Site_Chen_MathFeature_Latest_5_0_10_5_1
P459,0.8327,0.34528,Psi_Site_Chen_MathFeature_Latest_5_0_10_5_1
P460,0.7434999999999999,0.34892,Psi_Site_Chen_MathFeature_Latest_5_0_10_5_1
P461,0.38280000000000003,0.24599000000000001,Psi_Site_Chen_MathFeature_Latest_5_0_10_5_1
P462,0.471,0.28426,Psi_Site_Chen_MathFeature_Latest_5_0_10_5_1
P463,0.8204999999999999,0.34853999999999996,Psi_Site_Chen_MathFeature_Latest_5_0_10_5_1
P464,0.4204,0.21557,Psi_Site_Chen_MathFeature_Latest_5_0_10_5_1
P465,0.6291,0.26194,Psi_Site_Chen_MathFeature_Latest_5_0_10_5_1
P466,0.8087,0.33748,Psi_Site_Chen_MathFeature_Latest_5_0_10_5_1
P467,0.8858,0.32624,Psi_Site_Chen_MathFeature_Latest_5_0_10_5_1
P468,0.7261,0.25243,Psi_Site_Chen_MathFeature_Latest_5_0_10_5_1
P469,0.6042,0.3714,Psi_Site_Chen_MathFeature_Latest_5_0_10_5_1
P470,0.6966,0.3056,Psi_Site_Chen_MathFeature_Latest_5_0_10_5_1
P471,0.9360999999999999,0.39713,Psi_Site_Chen_MathFeature_Latest_5_0_10_5_1
P472,0.5667,0.3711,Psi_Site_Chen_MathFeature_Latest_5_0_10_5_1
P473,0.7384,0.36006,Psi_Site_Chen_MathFeature_Latest_5_0_10_5_1
P474,0.5971000000000001,0.22649,Psi_Site_Chen_MathFeature_Latest_5_0_10_5_1
P475,0.7014,0.33991000000000005,Psi_Site_Chen_MathFeature_Latest_5_0_10_5_1
P476,0.7351,0.36712,Psi_Site_Chen_MathFeature_Latest_5_0_10_5_1
P477,0.4152,0.25285,Psi_Site_Chen_MathFeature_Latest_5_0_10_5_1
P478,0.5589000000000001,0.29324,Psi_Site_Chen_MathFeature_Latest_5_0_10_5_1
P479,0.6986,0.25582,Psi_Site_Chen_MathFeature_Latest_5_0_10_5_1
P480,0.7411,0.37313,Psi_Site_Chen_MathFeature_Latest_5_0_10_5_1
P481,0.4444,0.22469,Psi_Site_Chen_MathFeature_Latest_5_0_10_5_1
P482,0.793,0.33638,Psi_Site_Chen_MathFeature_Latest_5_0_10_5_1
P483,0.5643,0.30079,Psi_Site_Chen_MathFeature_Latest_5_0_10_5_1
P484,0.7531,0.24964,Psi_Site_Chen_MathFeature_Latest_5_0_10_5_1
P485,0.7623,0.37018,Psi_Site_Chen_MathFeature_Latest_5_0_10_5_1
P486,0.7053999999999999,0.352,Psi_Site_Chen_MathFeature_Latest_5_0_10_5_1
P487,0.40990000000000004,0.21719,Psi_Site_Chen_MathFeature_Latest_5_0_10_5_1
P488,0.4204,0.21557,Psi_Site_Chen_MathFeature_Latest_5_0_10_5_1
P489,0.7831,0.33835,Psi_Site_Chen_MathFeature_Latest_5_0_10_5_1
P490,0.7772,0.29945,Psi_Site_Chen_MathFeature_Latest_5_0_10_5_1
P491,0.6537,0.34339,Psi_Site_Chen_MathFeature_Latest_5_0_10_5_1
P492,0.663,0.34714,Psi_Site_Chen_MathFeature_Latest_5_0_10_5_1
P493,0.47950000000000004,0.24685,Psi_Site_Chen_MathFeature_Latest_5_0_10_5_1
P494,0.8457,0.36407,Psi_Site_Chen_MathFeature_Latest_5_0_10_5_1
P495,0.8346999999999999,0.35148,Psi_Site_Chen_MathFeature_Latest_5_0_10_5_1
N1,0.5119,0.25057,Psi_Site_Chen_MathFeature_Latest_5_0_10_5_1
N2,0.44389999999999996,0.25195,Psi_Site_Chen_MathFeature_Latest_5_0_10_5_1
N3,0.48330000000000006,0.25066,Psi_Site_Chen_MathFeature_Latest_5_0_10_5_1
N4,0.6633,0.34524999999999995,Psi_Site_Chen_MathFeature_Latest_5_0_10_5_1
N5,0.5769,0.29077,Psi_Site_Chen_MathFeature_Latest_5_0_10_5_1
N6,0.8864,0.3912,Psi_Site_Chen_MathFeature_Latest_5_0_10_5_1
N7,0.7371,0.29509,Psi_Site_Chen_MathFeature_Latest_5_0_10_5_1
N8,0.9253,0.34313,Psi_Site_Chen_MathFeature_Latest_5_0_10_5_1
N9,0.8069999999999999,0.37887,Psi_Site_Chen_MathFeature_Latest_5_0_10_5_1
N10,0.4938,0.24903999999999998,Psi_Site_Chen_MathFeature_Latest_5_0_10_5_1
N11,0.6949,0.37801,Psi_Site_Chen_MathFeature_Latest_5_0_10_5_1
N12,0.6872999999999999,0.35436999999999996,Psi_Site_Chen_MathFeature_Latest_5_0_10_5_1
N13,0.6465,0.33128,Psi_Site_Chen_MathFeature_Latest_5_0_10_5_1
N14,0.7065,0.35801,Psi_Site_Chen_MathFeature_Latest_5_0_10_5_1
N15,0.4615,0.23011,Psi_Site_Chen_MathFeature_Latest_5_0_10_5_1
N16,0.5238,0.25505,Psi_Site_Chen_MathFeature_Latest_5_0_10_5_1
N17,0.6821,0.23995999999999998,Psi_Site_Chen_MathFeature_Latest_5_0_10_5_1
N18,0.3516,0.23483,Psi_Site_Chen_MathFeature_Latest_5_0_10_5_1
N19,0.5173,0.24313,Psi_Site_Chen_MathFeature_Latest_5_0_10_5_1
N20,0.7915,0.35216,Psi_Site_Chen_MathFeature_Latest_5_0_10_5_1
N21,0.7464999999999999,0.35036,Psi_Site_Chen_MathFeature_Latest_5_0_10_5_1
N22,0.7381,0.33382999999999996,Psi_Site_Chen_MathFeature_Latest_5_0_10_5_1
N23,0.8132,0.32294,Psi_Site_Chen_MathFeature_Latest_5_0_10_5_1
N24,0.9587,0.34468,Psi_Site_Chen_MathFeature_Latest_5_0_10_5_1
N25,0.7727,0.31855,Psi_Site_Chen_MathFeature_Latest_5_0_10_5_1
N26,0.7594,0.36125,Psi_Site_Chen_MathFeature_Latest_5_0_10_5_1
N27,0.46020000000000005,0.24394,Psi_Site_Chen_MathFeature_Latest_5_0_10_5_1
N28,0.6465,0.33128,Psi_Site_Chen_MathFeature_Latest_5_0_10_5_1
N29,0.3983,0.25651,Psi_Site_Chen_MathFeature_Latest_5_0_10_5_1
N30,0.39180000000000004,0.24833,Psi_Site_Chen_MathFeature_Latest_5_0_10_5_1
N31,0.7667,0.30106999999999995,Psi_Site_Chen_MathFeature_Latest_5_0_10_5_1
N32,0.44389999999999996,0.25195,Psi_Site_Chen_MathFeature_Latest_5_0_10_5_1
N33,0.4869,0.28088,Psi_Site_Chen_MathFeature_Latest_5_0_10_5_1
N34,0.5900000000000001,0.24671,Psi_Site_Chen_MathFeature_Latest_5_0_10_5_1
N35,0.5013,0.2423,Psi_Site_Chen_MathFeature_Latest_5_0_10_5_1
N36,0.7291,0.34964,Psi_Site_Chen_MathFeature_Latest_5_0_10_5_1
N37,0.7177000000000001,0.25909,Psi_Site_Chen_MathFeature_Latest_5_0_10_5_1
N38,0.8183,0.31399,Psi_Site_Chen_MathFeature_Latest_5_0_10_5_1
N39,0.5739,0.27434000000000003,Psi_Site_Chen_MathFeature_Latest_5_0_10_5_1
N40,0.7084,0.31871,Psi_Site_Chen_MathFeature_Latest_5_0_10_5_1
N41,0.5900000000000001,0.24671,Psi_Site_Chen_MathFeature_Latest_5_0_10_5_1
N42,0.4114,0.24785000000000001,Psi_Site_Chen_MathFeature_Latest_5_0_10_5_1
N43,0.7423,0.37943,Psi_Site_Chen_MathFeature_Latest_5_0_10_5_1
N44,0.3923,0.23903,Psi_Site_Chen_MathFeature_Latest_5_0_10_5_1
N45,0.7549,0.39163,Psi_Site_Chen_MathFeature_Latest_5_0_10_5_1
N46,0.6665,0.29662,Psi_Site_Chen_MathFeature_Latest_5_0_10_5_1
N47,0.8678,0.3346,Psi_Site_Chen_MathFeature_Latest_5_0_10_5_1
N48,0.9120999999999999,0.3645,Psi_Site_Chen_MathFeature_Latest_5_0_10_5_1
N49,0.5054000000000001,0.22904,Psi_Site_Chen_MathFeature_Latest_5_0_10_5_1
N50,0.7237,0.22724,Psi_Site_Chen_MathFeature_Latest_5_0_10_5_1
N51,0.6571,0.25322,Psi_Site_Chen_MathFeature_Latest_5_0_10_5_1
N52,0.8266,0.34148,Psi_Site_Chen_MathFeature_Latest_5_0_10_5_1
N53,0.44389999999999996,0.25195,Psi_Site_Chen_MathFeature_Latest_5_0_10_5_1
N54,0.6725,0.31410000000000005,Psi_Site_Chen_MathFeature_Latest_5_0_10_5_1
N55,0.4590000000000001,0.26077,Psi_Site_Chen_MathFeature_Latest_5_0_10_5_1
N56,0.4647,0.22483999999999998,Psi_Site_Chen_MathFeature_Latest_5_0_10_5_1
N57,0.6658,0.35381,Psi_Site_Chen_MathFeature_Latest_5_0_10_5_1
N58,0.5198999999999999,0.26191000000000003,Psi_Site_Chen_MathFeature_Latest_5_0_10_5_1
N59,0.7596,0.32128999999999996,Psi_Site_Chen_MathFeature_Latest_5_0_10_5_1
N60,0.7684,0.34543999999999997,Psi_Site_Chen_MathFeature_Latest_5_0_10_5_1
N61,0.6869999999999999,0.34258,Psi_Site_Chen_MathFeature_Latest_5_0_10_5_1
N62,0.6248999999999999,0.34597,Psi_Site_Chen_MathFeature_Latest_5_0_10_5_1
N63,0.5493,0.24251,Psi_Site_Chen_MathFeature_Latest_5_0_10_5_1
N64,0.7956,0.34478,Psi_Site_Chen_MathFeature_Latest_5_0_10_5_1
N65,0.4878,0.23156,Psi_Site_Chen_MathFeature_Latest_5_0_10_5_1
N66,0.5985,0.27217,Psi_Site_Chen_MathFeature_Latest_5_0_10_5_1
N67,0.5117,0.28846,Psi_Site_Chen_MathFeature_Latest_5_0_10_5_1
N68,0.5185000000000001,0.22629999999999997,Psi_Site_Chen_MathFeature_Latest_5_0_10_5_1
N69,0.37560000000000004,0.24395,Psi_Site_Chen_MathFeature_Latest_5_0_10_5_1
N70,0.6870999999999999,0.35512,Psi_Site_Chen_MathFeature_Latest_5_0_10_5_1
N71,0.40280000000000005,0.23741,Psi_Site_Chen_MathFeature_Latest_5_0_10_5_1
N72,0.4714,0.27458000000000005,Psi_Site_Chen_MathFeature_Latest_5_0_10_5_1
N73,0.5478,0.2339,Psi_Site_Chen_MathFeature_Latest_5_0_10_5_1
N74,0.6774,0.26837,Psi_Site_Chen_MathFeature_Latest_5_0_10_5_1
N75,0.7531,0.24964,Psi_Site_Chen_MathFeature_Latest_5_0_10_5_1
N76,0.8765999999999999,0.38529,Psi_Site_Chen_MathFeature_Latest_5_0_10_5_1
N77,0.8087,0.33748,Psi_Site_Chen_MathFeature_Latest_5_0_10_5_1
N78,0.6693,0.27679,Psi_Site_Chen_MathFeature_Latest_5_0_10_5_1
N79,0.8551,0.34579,Psi_Site_Chen_MathFeature_Latest_5_0_10_5_1
N80,0.47730000000000006,0.23317999999999997,Psi_Site_Chen_MathFeature_Latest_5_0_10_5_1
N81,0.6678,0.27007,Psi_Site_Chen_MathFeature_Latest_5_0_10_5_1
N82,0.9703,0.34765,Psi_Site_Chen_MathFeature_Latest_5_0_10_5_1
N83,0.5724,0.24923,Psi_Site_Chen_MathFeature_Latest_5_0_10_5_1
N84,0.9291999999999999,0.34797,Psi_Site_Chen_MathFeature_Latest_5_0_10_5_1
N85,0.39180000000000004,0.24833,Psi_Site_Chen_MathFeature_Latest_5_0_10_5_1
N86,0.48029999999999995,0.27248,Psi_Site_Chen_MathFeature_Latest_5_0_10_5_1
N87,0.5829,0.26411,Psi_Site_Chen_MathFeature_Latest_5_0_10_5_1
N88,0.8886999999999999,0.39571,Psi_Site_Chen_MathFeature_Latest_5_0_10_5_1
N89,0.711,0.26435,Psi_Site_Chen_MathFeature_Latest_5_0_10_5_1
N90,0.7429,0.36813999999999997,Psi_Site_Chen_MathFeature_Latest_5_0_10_5_1
N91,0.7117000000000001,0.24161,Psi_Site_Chen_MathFeature_Latest_5_0_10_5_1
N92,0.8633000000000001,0.34223000000000003,Psi_Site_Chen_MathFeature_Latest_5_0_10_5_1
N93,0.7111,0.28336,Psi_Site_Chen_MathFeature_Latest_5_0_10_5_1
N94,0.9124,0.38581,Psi_Site_Chen_MathFeature_Latest_5_0_10_5_1
N95,0.7456,0.34735,Psi_Site_Chen_MathFeature_Latest_5_0_10_5_1
N96,0.35760000000000003,0.25231000000000003,Psi_Site_Chen_MathFeature_Latest_5_0_10_5_1
N97,0.6904,0.2493,Psi_Site_Chen_MathFeature_Latest_5_0_10_5_1
N98,0.38280000000000003,0.24599000000000001,Psi_Site_Chen_MathFeature_Latest_5_0_10_5_1
N99,0.853,0.36311000000000004,Psi_Site_Chen_MathFeature_Latest_5_0_10_5_1
N100,0.5482,0.26824000000000003,Psi_Site_Chen_MathFeature_Latest_5_0_10_5_1
N101,0.5616,0.35602,Psi_Site_Chen_MathFeature_Latest_5_0_10_5_1
N102,0.5414,0.25253,Psi_Site_Chen_MathFeature_Latest_5_0_10_5_1
N103,0.36360000000000003,0.25832000000000005,Psi_Site_Chen_MathFeature_Latest_5_0_10_5_1
N104,0.5724,0.24923,Psi_Site_Chen_MathFeature_Latest_5_0_10_5_1
N105,0.5376,0.3469,Psi_Site_Chen_MathFeature_Latest_5_0_10_5_1
N106,0.769,0.36311,Psi_Site_Chen_MathFeature_Latest_5_0_10_5_1
N107,0.805,0.35987,Psi_Site_Chen_MathFeature_Latest_5_0_10_5_1
N108,0.4869,0.28088,Psi_Site_Chen_MathFeature_Latest_5_0_10_5_1
N109,0.9253,0.34313,Psi_Site_Chen_MathFeature_Latest_5_0_10_5_1
N110,0.7597,0.24484999999999998,Psi_Site_Chen_MathFeature_Latest_5_0_10_5_1
N111,0.3983,0.25651,Psi_Site_Chen_MathFeature_Latest_5_0_10_5_1
N112,0.6688000000000001,0.2493,Psi_Site_Chen_MathFeature_Latest_5_0_10_5_1
N113,0.7981,0.36056,Psi_Site_Chen_MathFeature_Latest_5_0_10_5_1
N114,0.7045,0.25243,Psi_Site_Chen_MathFeature_Latest_5_0_10_5_1
N115,0.6076,0.22487000000000001,Psi_Site_Chen_MathFeature_Latest_5_0_10_5_1
N116,0.4413,0.27668000000000004,Psi_Site_Chen_MathFeature_Latest_5_0_10_5_1
N117,0.5239,0.27405999999999997,Psi_Site_Chen_MathFeature_Latest_5_0_10_5_1
N118,0.6486999999999999,0.23941,Psi_Site_Chen_MathFeature_Latest_5_0_10_5_1
N119,0.5659000000000001,0.24034,Psi_Site_Chen_MathFeature_Latest_5_0_10_5_1
N120,0.8692,0.37337,Psi_Site_Chen_MathFeature_Latest_5_0_10_5_1
N121,0.7383,0.36106000000000005,Psi_Site_Chen_MathFeature_Latest_5_0_10_5_1
N122,0.5757,0.27493,Psi_Site_Chen_MathFeature_Latest_5_0_10_5_1
N123,0.5129,0.27163,Psi_Site_Chen_MathFeature_Latest_5_0_10_5_1
N124,0.6711,0.25088,Psi_Site_Chen_MathFeature_Latest_5_0_10_5_1
N125,0.7501,0.35731999999999997,Psi_Site_Chen_MathFeature_Latest_5_0_10_5_1
N126,0.7966,0.34342,Psi_Site_Chen_MathFeature_Latest_5_0_10_5_1
N127,0.6031000000000001,0.24397,Psi_Site_Chen_MathFeature_Latest_5_0_10_5_1
N128,0.6656,0.3401,Psi_Site_Chen_MathFeature_Latest_5_0_10_5_1
N129,0.45230000000000004,0.26576,Psi_Site_Chen_MathFeature_Latest_5_0_10_5_1
N130,0.49970000000000003,0.26497,Psi_Site_Chen_MathFeature_Latest_5_0_10_5_1
N131,0.4347,0.26828,Psi_Site_Chen_MathFeature_Latest_5_0_10_5_1
N132,0.6881,0.25744,Psi_Site_Chen_MathFeature_Latest_5_0_10_5_1
N133,0.7395999999999999,0.34802,Psi_Site_Chen_MathFeature_Latest_5_0_10_5_1
N134,0.895,0.36976,Psi_Site_Chen_MathFeature_Latest_5_0_10_5_1
N135,0.6163,0.32545999999999997,Psi_Site_Chen_MathFeature_Latest_5_0_10_5_1
N136,0.8183,0.31399,Psi_Site_Chen_MathFeature_Latest_5_0_10_5_1
N137,0.4639,0.2872,Psi_Site_Chen_MathFeature_Latest_5_0_10_5_1
N138,0.7172,0.35302,Psi_Site_Chen_MathFeature_Latest_5_0_10_5_1
N139,0.47820000000000007,0.23557999999999998,Psi_Site_Chen_MathFeature_Latest_5_0_10_5_1
N140,0.5959,0.32926,Psi_Site_Chen_MathFeature_Latest_5_0_10_5_1
N141,0.5508,0.26762,Psi_Site_Chen_MathFeature_Latest_5_0_10_5_1
N142,0.6628000000000001,0.2455,Psi_Site_Chen_MathFeature_Latest_5_0_10_5_1
N143,0.693,0.24867999999999998,Psi_Site_Chen_MathFeature_Latest_5_0_10_5_1
N144,0.4590000000000001,0.26077,Psi_Site_Chen_MathFeature_Latest_5_0_10_5_1
N145,0.7072,0.34922,Psi_Site_Chen_MathFeature_Latest_5_0_10_5_1
N146,0.624,0.27089,Psi_Site_Chen_MathFeature_Latest_5_0_10_5_1
N147,0.6015,0.25814,Psi_Site_Chen_MathFeature_Latest_5_0_10_5_1
N148,0.893,0.32863,Psi_Site_Chen_MathFeature_Latest_5_0_10_5_1
N149,0.5646,0.2917,Psi_Site_Chen_MathFeature_Latest_5_0_10_5_1
N150,0.5057,0.28466,Psi_Site_Chen_MathFeature_Latest_5_0_10_5_1
N151,0.5510999999999999,0.35176,Psi_Site_Chen_MathFeature_Latest_5_0_10_5_1
N152,0.46620000000000006,0.24995,Psi_Site_Chen_MathFeature_Latest_5_0_10_5_1
N153,0.7895,0.36952,Psi_Site_Chen_MathFeature_Latest_5_0_10_5_1
N154,0.7305,0.28669,Psi_Site_Chen_MathFeature_Latest_5_0_10_5_1
N155,0.3516,0.23483,Psi_Site_Chen_MathFeature_Latest_5_0_10_5_1
N156,0.4929,0.29836,Psi_Site_Chen_MathFeature_Latest_5_0_10_5_1
N157,0.4854,0.25577,Psi_Site_Chen_MathFeature_Latest_5_0_10_5_1
N158,0.6486999999999999,0.23941,Psi_Site_Chen_MathFeature_Latest_5_0_10_5_1
N159,0.6178,0.35057000000000005,Psi_Site_Chen_MathFeature_Latest_5_0_10_5_1
N160,0.6665,0.29662,Psi_Site_Chen_MathFeature_Latest_5_0_10_5_1
N161,0.7162000000000001,0.23398,Psi_Site_Chen_MathFeature_Latest_5_0_10_5_1
N162,0.6738,0.27137,Psi_Site_Chen_MathFeature_Latest_5_0_10_5_1
N163,0.7541,0.34909,Psi_Site_Chen_MathFeature_Latest_5_0_10_5_1
N164,0.6813,0.30028,Psi_Site_Chen_MathFeature_Latest_5_0_10_5_1
N165,0.6402,0.33853,Psi_Site_Chen_MathFeature_Latest_5_0_10_5_1
N166,0.7975,0.36963999999999997,Psi_Site_Chen_MathFeature_Latest_5_0_10_5_1
N167,0.5799,0.29182,Psi_Site_Chen_MathFeature_Latest_5_0_10_5_1
N168,0.9528,0.34807,Psi_Site_Chen_MathFeature_Latest_5_0_10_5_1
N169,0.46020000000000005,0.24394,Psi_Site_Chen_MathFeature_Latest_5_0_10_5_1
N170,0.41759999999999997,0.27904,Psi_Site_Chen_MathFeature_Latest_5_0_10_5_1
N171,0.6543,0.36106,Psi_Site_Chen_MathFeature_Latest_5_0_10_5_1
N172,0.41069999999999995,0.27416,Psi_Site_Chen_MathFeature_Latest_5_0_10_5_1
N173,0.6958,0.36673,Psi_Site_Chen_MathFeature_Latest_5_0_10_5_1
N174,0.7084,0.31871,Psi_Site_Chen_MathFeature_Latest_5_0_10_5_1
N175,0.6273,0.32176,Psi_Site_Chen_MathFeature_Latest_5_0_10_5_1
N176,0.4356,0.27068000000000003,Psi_Site_Chen_MathFeature_Latest_5_0_10_5_1
N177,0.7402000000000001,0.22941999999999999,Psi_Site_Chen_MathFeature_Latest_5_0_10_5_1
N178,0.9121,0.34387,Psi_Site_Chen_MathFeature_Latest_5_0_10_5_1
N179,0.805,0.35987,Psi_Site_Chen_MathFeature_Latest_5_0_10_5_1
N180,0.7455999999999999,0.28174,Psi_Site_Chen_MathFeature_Latest_5_0_10_5_1
N181,0.8482,0.35712999999999995,Psi_Site_Chen_MathFeature_Latest_5_0_10_5_1
N182,0.7781,0.36630999999999997,Psi_Site_Chen_MathFeature_Latest_5_0_10_5_1
N183,0.7927,0.38605,Psi_Site_Chen_MathFeature_Latest_5_0_10_5_1
N184,0.3516,0.23483,Psi_Site_Chen_MathFeature_Latest_5_0_10_5_1
N185,0.7483,0.38323,Psi_Site_Chen_MathFeature_Latest_5_0_10_5_1
N186,0.48629999999999995,0.28996,Psi_Site_Chen_MathFeature_Latest_5_0_10_5_1
N187,0.6376000000000001,0.23779,Psi_Site_Chen_MathFeature_Latest_5_0_10_5_1
N188,0.6759000000000001,0.30772,Psi_Site_Chen_MathFeature_Latest_5_0_10_5_1
N189,0.7342000000000001,0.22562,Psi_Site_Chen_MathFeature_Latest_5_0_10_5_1
N190,0.5667,0.3711,Psi_Site_Chen_MathFeature_Latest_5_0_10_5_1
N191,0.5015999999999999,0.32341,Psi_Site_Chen_MathFeature_Latest_5_0_10_5_1
N192,0.6716,0.35758,Psi_Site_Chen_MathFeature_Latest_5_0_10_5_1
N193,0.7363,0.35974,Psi_Site_Chen_MathFeature_Latest_5_0_10_5_1
N194,0.4204,0.21557,Psi_Site_Chen_MathFeature_Latest_5_0_10_5_1
N195,0.7897,0.34675,Psi_Site_Chen_MathFeature_Latest_5_0_10_5_1
N196,0.7229,0.34091000000000005,Psi_Site_Chen_MathFeature_Latest_5_0_10_5_1
N197,0.5467,0.24313,Psi_Site_Chen_MathFeature_Latest_5_0_10_5_1
N198,0.9313,0.36061,Psi_Site_Chen_MathFeature_Latest_5_0_10_5_1
N199,0.4041,0.27418000000000003,Psi_Site_Chen_MathFeature_Latest_5_0_10_5_1
N200,0.6058,0.32708000000000004,Psi_Site_Chen_MathFeature_Latest_5_0_10_5_1
N201,0.7293000000000001,0.30352,Psi_Site_Chen_MathFeature_Latest_5_0_10_5_1
N202,0.9358,0.34151,Psi_Site_Chen_MathFeature_Latest_5_0_10_5_1
N203,0.7274999999999999,0.3376,Psi_Site_Chen_MathFeature_Latest_5_0_10_5_1
N204,0.4639,0.2872,Psi_Site_Chen_MathFeature_Latest_5_0_10_5_1
N205,0.6474,0.25324,Psi_Site_Chen_MathFeature_Latest_5_0_10_5_1
N206,0.4032,0.24775,Psi_Site_Chen_MathFeature_Latest_5_0_10_5_1
N207,0.7982,0.34465,Psi_Site_Chen_MathFeature_Latest_5_0_10_5_1
N208,0.6993999999999999,0.33452000000000004,Psi_Site_Chen_MathFeature_Latest_5_0_10_5_1
N209,0.5570999999999999,0.36924,Psi_Site_Chen_MathFeature_Latest_5_0_10_5_1
N210,0.4414,0.26077,Psi_Site_Chen_MathFeature_Latest_5_0_10_5_1
N211,0.40280000000000005,0.23741,Psi_Site_Chen_MathFeature_Latest_5_0_10_5_1
N212,0.9603,0.34133,Psi_Site_Chen_MathFeature_Latest_5_0_10_5_1
N213,0.8317,0.34126999999999996,Psi_Site_Chen_MathFeature_Latest_5_0_10_5_1
N214,0.5362,0.24475000000000002,Psi_Site_Chen_MathFeature_Latest_5_0_10_5_1
N215,0.574,0.26621,Psi_Site_Chen_MathFeature_Latest_5_0_10_5_1
N216,0.8311,0.38301999999999997,Psi_Site_Chen_MathFeature_Latest_5_0_10_5_1
N217,0.8035,0.33476,Psi_Site_Chen_MathFeature_Latest_5_0_10_5_1
N218,0.38280000000000003,0.24599000000000001,Psi_Site_Chen_MathFeature_Latest_5_0_10_5_1
N219,0.6716,0.35758,Psi_Site_Chen_MathFeature_Latest_5_0_10_5_1
N220,0.7254,0.27161,Psi_Site_Chen_MathFeature_Latest_5_0_10_5_1
N221,0.8041999999999999,0.36434,Psi_Site_Chen_MathFeature_Latest_5_0_10_5_1
N222,0.46020000000000005,0.24394,Psi_Site_Chen_MathFeature_Latest_5_0_10_5_1
N223,0.5822999999999999,0.36292,Psi_Site_Chen_MathFeature_Latest_5_0_10_5_1
N224,0.6402,0.33853,Psi_Site_Chen_MathFeature_Latest_5_0_10_5_1
N225,0.5189,0.23978,Psi_Site_Chen_MathFeature_Latest_5_0_10_5_1
N226,0.35760000000000003,0.25231000000000003,Psi_Site_Chen_MathFeature_Latest_5_0_10_5_1
N227,0.538,0.2486,Psi_Site_Chen_MathFeature_Latest_5_0_10_5_1
N228,1.0227,0.39325,Psi_Site_Chen_MathFeature_Latest_5_0_10_5_1
N229,0.7309,0.36717999999999995,Psi_Site_Chen_MathFeature_Latest_5_0_10_5_1
N230,0.9599000000000001,0.32785,Psi_Site_Chen_MathFeature_Latest_5_0_10_5_1
N231,0.7481,0.34529,Psi_Site_Chen_MathFeature_Latest_5_0_10_5_1
N232,0.8337,0.34058,Psi_Site_Chen_MathFeature_Latest_5_0_10_5_1
N233,0.7337,0.25288,Psi_Site_Chen_MathFeature_Latest_5_0_10_5_1
N234,0.5245000000000001,0.23231,Psi_Site_Chen_MathFeature_Latest_5_0_10_5_1
N235,0.47350000000000003,0.2536,Psi_Site_Chen_MathFeature_Latest_5_0_10_5_1
N236,0.6178,0.35057000000000005,Psi_Site_Chen_MathFeature_Latest_5_0_10_5_1
N237,0.8395,0.35825,Psi_Site_Chen_MathFeature_Latest_5_0_10_5_1
N238,0.5586,0.2879,Psi_Site_Chen_MathFeature_Latest_5_0_10_5_1
N239,0.3981,0.25670000000000004,Psi_Site_Chen_MathFeature_Latest_5_0_10_5_1
N240,0.7026,0.32308000000000003,Psi_Site_Chen_MathFeature_Latest_5_0_10_5_1
N241,0.6154,0.3516,Psi_Site_Chen_MathFeature_Latest_5_0_10_5_1
N242,0.8317,0.34126999999999996,Psi_Site_Chen_MathFeature_Latest_5_0_10_5_1
N243,0.6308999999999999,0.36345,Psi_Site_Chen_MathFeature_Latest_5_0_10_5_1
N244,0.4743,0.26647000000000004,Psi_Site_Chen_MathFeature_Latest_5_0_10_5_1
N245,0.8144,0.34612,Psi_Site_Chen_MathFeature_Latest_5_0_10_5_1
N246,0.38759999999999994,0.26744,Psi_Site_Chen_MathFeature_Latest_5_0_10_5_1
N247,0.5605,0.26134999999999997,Psi_Site_Chen_MathFeature_Latest_5_0_10_5_1
N248,0.6748,0.26899,Psi_Site_Chen_MathFeature_Latest_5_0_10_5_1
N249,0.5510999999999999,0.35176,Psi_Site_Chen_MathFeature_Latest_5_0_10_5_1
N250,0.7309,0.36717999999999995,Psi_Site_Chen_MathFeature_Latest_5_0_10_5_1
N251,0.4114,0.24785000000000001,Psi_Site_Chen_MathFeature_Latest_5_0_10_5_1
N252,0.7659,0.38071,Psi_Site_Chen_MathFeature_Latest_5_0_10_5_1
N253,0.7644,0.35559999999999997,Psi_Site_Chen_MathFeature_Latest_5_0_10_5_1
N254,0.42679999999999996,0.24653,Psi_Site_Chen_MathFeature_Latest_5_0_10_5_1
N255,0.4683,0.24899,Psi_Site_Chen_MathFeature_Latest_5_0_10_5_1
N256,0.3516,0.23483,Psi_Site_Chen_MathFeature_Latest_5_0_10_5_1
N257,0.9984000000000001,0.34351,Psi_Site_Chen_MathFeature_Latest_5_0_10_5_1
N258,0.8035,0.33476,Psi_Site_Chen_MathFeature_Latest_5_0_10_5_1
N259,0.4854,0.25577,Psi_Site_Chen_MathFeature_Latest_5_0_10_5_1
N260,0.8842,0.38061999999999996,Psi_Site_Chen_MathFeature_Latest_5_0_10_5_1
N261,0.6241,0.24847,Psi_Site_Chen_MathFeature_Latest_5_0_10_5_1
N262,0.9553,0.35605,Psi_Site_Chen_MathFeature_Latest_5_0_10_5_1
N263,0.48929999999999996,0.25667,Psi_Site_Chen_MathFeature_Latest_5_0_10_5_1
N264,0.5054000000000001,0.22904,Psi_Site_Chen_MathFeature_Latest_5_0_10_5_1
N265,0.9357,0.37395999999999996,Psi_Site_Chen_MathFeature_Latest_5_0_10_5_1
N266,0.4767,0.27493,Psi_Site_Chen_MathFeature_Latest_5_0_10_5_1
N267,0.7,0.35155,Psi_Site_Chen_MathFeature_Latest_5_0_10_5_1
N268,0.6607,0.2629,Psi_Site_Chen_MathFeature_Latest_5_0_10_5_1
N269,0.7742,0.34921,Psi_Site_Chen_MathFeature_Latest_5_0_10_5_1
N270,0.47820000000000007,0.23557999999999998,Psi_Site_Chen_MathFeature_Latest_5_0_10_5_1
N271,0.6474,0.25324,Psi_Site_Chen_MathFeature_Latest_5_0_10_5_1
N272,0.8356,0.33125,Psi_Site_Chen_MathFeature_Latest_5_0_10_5_1
N273,0.899,0.34611000000000003,Psi_Site_Chen_MathFeature_Latest_5_0_10_5_1
N274,0.3516,0.23483,Psi_Site_Chen_MathFeature_Latest_5_0_10_5_1
N275,0.4174,0.26533,Psi_Site_Chen_MathFeature_Latest_5_0_10_5_1
N276,0.8953,0.37768,Psi_Site_Chen_MathFeature_Latest_5_0_10_5_1
N277,0.5142,0.25319,Psi_Site_Chen_MathFeature_Latest_5_0_10_5_1
N278,0.5142,0.25319,Psi_Site_Chen_MathFeature_Latest_5_0_10_5_1
N279,0.8565999999999999,0.3544,Psi_Site_Chen_MathFeature_Latest_5_0_10_5_1
N280,0.7354999999999999,0.35439,Psi_Site_Chen_MathFeature_Latest_5_0_10_5_1
N281,0.7141,0.31032,Psi_Site_Chen_MathFeature_Latest_5_0_10_5_1
N282,0.4283,0.27164000000000005,Psi_Site_Chen_MathFeature_Latest_5_0_10_5_1
N283,0.6058,0.32708000000000004,Psi_Site_Chen_MathFeature_Latest_5_0_10_5_1
N284,0.5988,0.27086000000000005,Psi_Site_Chen_MathFeature_Latest_5_0_10_5_1
N285,0.5656,0.2524,Psi_Site_Chen_MathFeature_Latest_5_0_10_5_1
N286,0.4174,0.26533,Psi_Site_Chen_MathFeature_Latest_5_0_10_5_1
N287,0.7179000000000001,0.274,Psi_Site_Chen_MathFeature_Latest_5_0_10_5_1
N288,0.7423,0.37943,Psi_Site_Chen_MathFeature_Latest_5_0_10_5_1
N289,0.8113,0.25777,Psi_Site_Chen_MathFeature_Latest_5_0_10_5_1
N290,0.883,0.37603,Psi_Site_Chen_MathFeature_Latest_5_0_10_5_1
N291,0.8024,0.36049,Psi_Site_Chen_MathFeature_Latest_5_0_10_5_1
N292,0.3516,0.23483,Psi_Site_Chen_MathFeature_Latest_5_0_10_5_1
N293,0.7144,0.33619,Psi_Site_Chen_MathFeature_Latest_5_0_10_5_1
N294,0.5859,0.25997000000000003,Psi_Site_Chen_MathFeature_Latest_5_0_10_5_1
N295,0.514,0.23948,Psi_Site_Chen_MathFeature_Latest_5_0_10_5_1
N296,0.523,0.2072,Psi_Site_Chen_MathFeature_Latest_5_0_10_5_1
N297,0.6241,0.24847,Psi_Site_Chen_MathFeature_Latest_5_0_10_5_1
N298,0.5289,0.24609999999999999,Psi_Site_Chen_MathFeature_Latest_5_0_10_5_1
N299,0.43989999999999996,0.23011,Psi_Site_Chen_MathFeature_Latest_5_0_10_5_1
N300,0.5439,0.26831,Psi_Site_Chen_MathFeature_Latest_5_0_10_5_1
N301,0.45230000000000004,0.26576,Psi_Site_Chen_MathFeature_Latest_5_0_10_5_1
N302,0.8637,0.35350000000000004,Psi_Site_Chen_MathFeature_Latest_5_0_10_5_1
N303,0.706,0.36902999999999997,Psi_Site_Chen_MathFeature_Latest_5_0_10_5_1
N304,0.37560000000000004,0.24395,Psi_Site_Chen_MathFeature_Latest_5_0_10_5_1
N305,0.793,0.33638,Psi_Site_Chen_MathFeature_Latest_5_0_10_5_1
N306,0.742,0.32381,Psi_Site_Chen_MathFeature_Latest_5_0_10_5_1
N307,0.9076,0.35150000000000003,Psi_Site_Chen_MathFeature_Latest_5_0_10_5_1
N308,0.4407,0.28576,Psi_Site_Chen_MathFeature_Latest_5_0_10_5_1
N309,0.7248,0.3562,Psi_Site_Chen_MathFeature_Latest_5_0_10_5_1
N310,0.52,0.25696,Psi_Site_Chen_MathFeature_Latest_5_0_10_5_1
N311,0.514,0.23948,Psi_Site_Chen_MathFeature_Latest_5_0_10_5_1
N312,0.776,0.32996,Psi_Site_Chen_MathFeature_Latest_5_0_10_5_1
N313,0.45420000000000005,0.22646,Psi_Site_Chen_MathFeature_Latest_5_0_10_5_1
N314,0.9778,0.38248,Psi_Site_Chen_MathFeature_Latest_5_0_10_5_1
N315,0.6355,0.3422,Psi_Site_Chen_MathFeature_Latest_5_0_10_5_1
N316,0.8677,0.35602,Psi_Site_Chen_MathFeature_Latest_5_0_10_5_1
N317,0.4938,0.24903999999999998,Psi_Site_Chen_MathFeature_Latest_5_0_10_5_1
N318,0.7161000000000001,0.2554,Psi_Site_Chen_MathFeature_Latest_5_0_10_5_1
N319,0.8956,0.32801,Psi_Site_Chen_MathFeature_Latest_5_0_10_5_1
N320,0.7757,0.34909,Psi_Site_Chen_MathFeature_Latest_5_0_10_5_1
N321,0.5839,0.31489,Psi_Site_Chen_MathFeature_Latest_5_0_10_5_1
N322,0.7090000000000001,0.24701,Psi_Site_Chen_MathFeature_Latest_5_0_10_5_1
N323,0.5659,0.32325000000000004,Psi_Site_Chen_MathFeature_Latest_5_0_10_5_1
N324,0.4441,0.31168,Psi_Site_Chen_MathFeature_Latest_5_0_10_5_1
N325,0.8365,0.37557999999999997,Psi_Site_Chen_MathFeature_Latest_5_0_10_5_1
N326,0.7636000000000001,0.34511000000000003,Psi_Site_Chen_MathFeature_Latest_5_0_10_5_1
N327,0.5616,0.35602,Psi_Site_Chen_MathFeature_Latest_5_0_10_5_1
N328,0.6639,0.28423,Psi_Site_Chen_MathFeature_Latest_5_0_10_5_1
N329,0.4854,0.25577,Psi_Site_Chen_MathFeature_Latest_5_0_10_5_1
N330,0.6035,0.25745,Psi_Site_Chen_MathFeature_Latest_5_0_10_5_1
N331,0.8019999999999999,0.32615,Psi_Site_Chen_MathFeature_Latest_5_0_10_5_1
N332,0.853,0.36311000000000004,Psi_Site_Chen_MathFeature_Latest_5_0_10_5_1
N333,0.6118,0.34456,Psi_Site_Chen_MathFeature_Latest_5_0_10_5_1
N334,0.7324,0.32782999999999995,Psi_Site_Chen_MathFeature_Latest_5_0_10_5_1
N335,0.7462000000000001,0.23998999999999998,Psi_Site_Chen_MathFeature_Latest_5_0_10_5_1
N336,0.9692000000000001,0.34306,Psi_Site_Chen_MathFeature_Latest_5_0_10_5_1
N337,0.5142,0.25319,Psi_Site_Chen_MathFeature_Latest_5_0_10_5_1
N338,0.5508,0.26762,Psi_Site_Chen_MathFeature_Latest_5_0_10_5_1
N339,0.6163,0.32545999999999997,Psi_Site_Chen_MathFeature_Latest_5_0_10_5_1
N340,0.9016,0.34548999999999996,Psi_Site_Chen_MathFeature_Latest_5_0_10_5_1
N341,0.656,0.28312000000000004,Psi_Site_Chen_MathFeature_Latest_5_0_10_5_1
N342,0.5054000000000001,0.22904,Psi_Site_Chen_MathFeature_Latest_5_0_10_5_1
N343,0.7165,0.27592,Psi_Site_Chen_MathFeature_Latest_5_0_10_5_1
N344,0.5973999999999999,0.35992,Psi_Site_Chen_MathFeature_Latest_5_0_10_5_1
N345,0.49440000000000006,0.23995999999999998,Psi_Site_Chen_MathFeature_Latest_5_0_10_5_1
N346,0.4793,0.28732,Psi_Site_Chen_MathFeature_Latest_5_0_10_5_1
N347,0.6592,0.23779,Psi_Site_Chen_MathFeature_Latest_5_0_10_5_1
N348,0.47220000000000006,0.26743,Psi_Site_Chen_MathFeature_Latest_5_0_10_5_1
N349,0.5713,0.26606,Psi_Site_Chen_MathFeature_Latest_5_0_10_5_1
N350,0.8009000000000001,0.33538,Psi_Site_Chen_MathFeature_Latest_5_0_10_5_1
N351,0.7078,0.36046,Psi_Site_Chen_MathFeature_Latest_5_0_10_5_1
N352,0.3621,0.23321,Psi_Site_Chen_MathFeature_Latest_5_0_10_5_1
N353,0.8431,0.37383999999999995,Psi_Site_Chen_MathFeature_Latest_5_0_10_5_1
N354,0.47820000000000007,0.23557999999999998,Psi_Site_Chen_MathFeature_Latest_5_0_10_5_1
N355,0.7468,0.35812,Psi_Site_Chen_MathFeature_Latest_5_0_10_5_1
N356,0.7295,0.33691000000000004,Psi_Site_Chen_MathFeature_Latest_5_0_10_5_1
N357,0.675,0.24086,Psi_Site_Chen_MathFeature_Latest_5_0_10_5_1
N358,0.7443,0.37854,Psi_Site_Chen_MathFeature_Latest_5_0_10_5_1
N359,0.7831,0.33855999999999997,Psi_Site_Chen_MathFeature_Latest_5_0_10_5_1
N360,0.9256,0.34092999999999996,Psi_Site_Chen_MathFeature_Latest_5_0_10_5_1
N361,0.9292,0.33311,Psi_Site_Chen_MathFeature_Latest_5_0_10_5_1
N362,0.5782999999999999,0.35109999999999997,Psi_Site_Chen_MathFeature_Latest_5_0_10_5_1
N363,1.0439,0.35002,Psi_Site_Chen_MathFeature_Latest_5_0_10_5_1
N364,0.9779,0.31949,Psi_Site_Chen_MathFeature_Latest_5_0_10_5_1
N365,0.36360000000000003,0.25832000000000005,Psi_Site_Chen_MathFeature_Latest_5_0_10_5_1
N366,0.5142,0.25319,Psi_Site_Chen_MathFeature_Latest_5_0_10_5_1
N367,0.4793,0.28732,Psi_Site_Chen_MathFeature_Latest_5_0_10_5_1
N368,0.7059,0.37398,Psi_Site_Chen_MathFeature_Latest_5_0_10_5_1
N369,0.7305,0.28669,Psi_Site_Chen_MathFeature_Latest_5_0_10_5_1
N370,0.40280000000000005,0.23741,Psi_Site_Chen_MathFeature_Latest_5_0_10_5_1
N371,0.9644,0.30874999999999997,Psi_Site_Chen_MathFeature_Latest_5_0_10_5_1
N372,0.6635,0.28418000000000004,Psi_Site_Chen_MathFeature_Latest_5_0_10_5_1
N373,0.7769999999999999,0.36595,Psi_Site_Chen_MathFeature_Latest_5_0_10_5_1
N374,0.5895,0.27251000000000003,Psi_Site_Chen_MathFeature_Latest_5_0_10_5_1
N375,0.36960000000000004,0.27580000000000005,Psi_Site_Chen_MathFeature_Latest_5_0_10_5_1
N376,0.7285,0.35872000000000004,Psi_Site_Chen_MathFeature_Latest_5_0_10_5_1
N377,0.9076,0.35150000000000003,Psi_Site_Chen_MathFeature_Latest_5_0_10_5_1
N378,0.8442000000000001,0.33896000000000004,Psi_Site_Chen_MathFeature_Latest_5_0_10_5_1
N379,0.5718,0.24301999999999999,Psi_Site_Chen_MathFeature_Latest_5_0_10_5_1
N380,0.4949,0.23065999999999998,Psi_Site_Chen_MathFeature_Latest_5_0_10_5_1
N381,0.6093999999999999,0.33412,Psi_Site_Chen_MathFeature_Latest_5_0_10_5_1
N382,0.48479999999999995,0.26485000000000003,Psi_Site_Chen_MathFeature_Latest_5_0_10_5_1
N383,0.5377,0.31912,Psi_Site_Chen_MathFeature_Latest_5_0_10_5_1
N384,0.5775,0.24902,Psi_Site_Chen_MathFeature_Latest_5_0_10_5_1
N385,0.8766999999999999,0.34579,Psi_Site_Chen_MathFeature_Latest_5_0_10_5_1
N386,0.3852,0.23993,Psi_Site_Chen_MathFeature_Latest_5_0_10_5_1
N387,0.5746,0.22011999999999998,Psi_Site_Chen_MathFeature_Latest_5_0_10_5_1
N388,0.63,0.28837,Psi_Site_Chen_MathFeature_Latest_5_0_10_5_1
N389,0.6716,0.35758,Psi_Site_Chen_MathFeature_Latest_5_0_10_5_1
N390,0.49019999999999997,0.25907,Psi_Site_Chen_MathFeature_Latest_5_0_10_5_1
N391,0.46020000000000005,0.24394,Psi_Site_Chen_MathFeature_Latest_5_0_10_5_1
N392,0.7396,0.32987,Psi_Site_Chen_MathFeature_Latest_5_0_10_5_1
N393,0.3621,0.23321,Psi_Site_Chen_MathFeature_Latest_5_0_10_5_1
N394,0.6523,0.34895,Psi_Site_Chen_MathFeature_Latest_5_0_10_5_1
N395,0.4714,0.27458000000000005,Psi_Site_Chen_MathFeature_Latest_5_0_10_5_1
N396,0.6375,0.27575,Psi_Site_Chen_MathFeature_Latest_5_0_10_5_1
N397,0.8371,0.35636,Psi_Site_Chen_MathFeature_Latest_5_0_10_5_1
N398,0.5703,0.28237,Psi_Site_Chen_MathFeature_Latest_5_0_10_5_1
N399,0.7525,0.35416000000000003,Psi_Site_Chen_MathFeature_Latest_5_0_10_5_1
N400,0.9888,0.37156,Psi_Site_Chen_MathFeature_Latest_5_0_10_5_1
N401,0.7266,0.31852,Psi_Site_Chen_MathFeature_Latest_5_0_10_5_1
N402,0.7851,0.35552,Psi_Site_Chen_MathFeature_Latest_5_0_10_5_1
N403,0.5483,0.34509,Psi_Site_Chen_MathFeature_Latest_5_0_10_5_1
N404,0.9528,0.34807,Psi_Site_Chen_MathFeature_Latest_5_0_10_5_1
N405,0.8288,0.31237,Psi_Site_Chen_MathFeature_Latest_5_0_10_5_1
N406,0.5395,0.27358,Psi_Site_Chen_MathFeature_Latest_5_0_10_5_1
N407,0.5612999999999999,0.35145,Psi_Site_Chen_MathFeature_Latest_5_0_10_5_1
N408,0.5377,0.31912,Psi_Site_Chen_MathFeature_Latest_5_0_10_5_1
N409,0.8484999999999999,0.39907,Psi_Site_Chen_MathFeature_Latest_5_0_10_5_1
N410,0.7381,0.27592,Psi_Site_Chen_MathFeature_Latest_5_0_10_5_1
N411,0.4949,0.23065999999999998,Psi_Site_Chen_MathFeature_Latest_5_0_10_5_1
N412,0.6048,0.28834000000000004,Psi_Site_Chen_MathFeature_Latest_5_0_10_5_1
N413,0.8797,0.37951,Psi_Site_Chen_MathFeature_Latest_5_0_10_5_1
N414,0.5906999999999999,0.36654,Psi_Site_Chen_MathFeature_Latest_5_0_10_5_1
N415,0.46620000000000006,0.24995,Psi_Site_Chen_MathFeature_Latest_5_0_10_5_1
N416,0.7691,0.28825,Psi_Site_Chen_MathFeature_Latest_5_0_10_5_1
N417,0.5134,0.28123,Psi_Site_Chen_MathFeature_Latest_5_0_10_5_1
N418,0.4441,0.31168,Psi_Site_Chen_MathFeature_Latest_5_0_10_5_1
N419,0.4806,0.26077,Psi_Site_Chen_MathFeature_Latest_5_0_10_5_1
N420,0.7802,0.35522,Psi_Site_Chen_MathFeature_Latest_5_0_10_5_1
N421,0.36360000000000003,0.25832000000000005,Psi_Site_Chen_MathFeature_Latest_5_0_10_5_1
N422,0.6656,0.3401,Psi_Site_Chen_MathFeature_Latest_5_0_10_5_1
N423,0.9076,0.35150000000000003,Psi_Site_Chen_MathFeature_Latest_5_0_10_5_1
N424,0.6620999999999999,0.37576,Psi_Site_Chen_MathFeature_Latest_5_0_10_5_1
N425,0.48040000000000005,0.24818,Psi_Site_Chen_MathFeature_Latest_5_0_10_5_1
N426,0.7363,0.35974,Psi_Site_Chen_MathFeature_Latest_5_0_10_5_1
N427,0.5448,0.26161,Psi_Site_Chen_MathFeature_Latest_5_0_10_5_1
N428,0.7555,0.33455,Psi_Site_Chen_MathFeature_Latest_5_0_10_5_1
N429,0.5015999999999999,0.32341,Psi_Site_Chen_MathFeature_Latest_5_0_10_5_1
N430,0.643,0.35572000000000004,Psi_Site_Chen_MathFeature_Latest_5_0_10_5_1
N431,0.5362,0.24475000000000002,Psi_Site_Chen_MathFeature_Latest_5_0_10_5_1
N432,0.7914,0.32433999999999996,Psi_Site_Chen_MathFeature_Latest_5_0_10_5_1
N433,0.6834,0.27217,Psi_Site_Chen_MathFeature_Latest_5_0_10_5_1
N434,0.8851,0.3596,Psi_Site_Chen_MathFeature_Latest_5_0_10_5_1
N435,0.726,0.38724000000000003,Psi_Site_Chen_MathFeature_Latest_5_0_10_5_1
N436,0.5485,0.24142999999999998,Psi_Site_Chen_MathFeature_Latest_5_0_10_5_1
N437,0.5583,0.23228,Psi_Site_Chen_MathFeature_Latest_5_0_10_5_1
N438,0.6108999999999999,0.36478,Psi_Site_Chen_MathFeature_Latest_5_0_10_5_1
N439,0.905,0.35212,Psi_Site_Chen_MathFeature_Latest_5_0_10_5_1
N440,0.36360000000000003,0.25832000000000005,Psi_Site_Chen_MathFeature_Latest_5_0_10_5_1
N441,0.7166,0.24745999999999999,Psi_Site_Chen_MathFeature_Latest_5_0_10_5_1
N442,0.6641,0.30944,Psi_Site_Chen_MathFeature_Latest_5_0_10_5_1
N443,0.3516,0.23483,Psi_Site_Chen_MathFeature_Latest_5_0_10_5_1
N444,0.6311,0.26125000000000004,Psi_Site_Chen_MathFeature_Latest_5_0_10_5_1
N445,0.5823,0.30586,Psi_Site_Chen_MathFeature_Latest_5_0_10_5_1
N446,0.36360000000000003,0.25832000000000005,Psi_Site_Chen_MathFeature_Latest_5_0_10_5_1
N447,0.7645,0.36813999999999997,Psi_Site_Chen_MathFeature_Latest_5_0_10_5_1
N448,0.8009999999999999,0.37507,Psi_Site_Chen_MathFeature_Latest_5_0_10_5_1
N449,0.5213,0.26497,Psi_Site_Chen_MathFeature_Latest_5_0_10_5_1
N450,1.0055,0.32328999999999997,Psi_Site_Chen_MathFeature_Latest_5_0_10_5_1
N451,0.9292,0.33311,Psi_Site_Chen_MathFeature_Latest_5_0_10_5_1
N452,0.8139,0.38395,Psi_Site_Chen_MathFeature_Latest_5_0_10_5_1
N453,0.9516,0.3649,Psi_Site_Chen_MathFeature_Latest_5_0_10_5_1
N454,0.5527,0.32079,Psi_Site_Chen_MathFeature_Latest_5_0_10_5_1
N455,0.6693,0.36273,Psi_Site_Chen_MathFeature_Latest_5_0_10_5_1
N456,0.6508,0.25987,Psi_Site_Chen_MathFeature_Latest_5_0_10_5_1
N457,0.7951,0.36184,Psi_Site_Chen_MathFeature_Latest_5_0_10_5_1
N458,0.4809,0.27487,Psi_Site_Chen_MathFeature_Latest_5_0_10_5_1
N459,0.6980999999999999,0.3442,Psi_Site_Chen_MathFeature_Latest_5_0_10_5_1
N460,0.6951,0.26,Psi_Site_Chen_MathFeature_Latest_5_0_10_5_1
N461,0.853,0.36311000000000004,Psi_Site_Chen_MathFeature_Latest_5_0_10_5_1
N462,0.45589999999999997,0.27544,Psi_Site_Chen_MathFeature_Latest_5_0_10_5_1
N463,0.5779000000000001,0.26383,Psi_Site_Chen_MathFeature_Latest_5_0_10_5_1
N464,0.5283,0.27572,Psi_Site_Chen_MathFeature_Latest_5_0_10_5_1
N465,0.9028999999999999,0.33166,Psi_Site_Chen_MathFeature_Latest_5_0_10_5_1
N466,0.6199,0.33838,Psi_Site_Chen_MathFeature_Latest_5_0_10_5_1
N467,0.5602,0.25387000000000004,Psi_Site_Chen_MathFeature_Latest_5_0_10_5_1
N468,0.5493,0.24251,Psi_Site_Chen_MathFeature_Latest_5_0_10_5_1
N469,0.8183,0.31399,Psi_Site_Chen_MathFeature_Latest_5_0_10_5_1
N470,0.5799,0.29182,Psi_Site_Chen_MathFeature_Latest_5_0_10_5_1
N471,0.5478,0.2339,Psi_Site_Chen_MathFeature_Latest_5_0_10_5_1
N472,0.5443,0.32752000000000003,Psi_Site_Chen_MathFeature_Latest_5_0_10_5_1
N473,0.5722999999999999,0.34053,Psi_Site_Chen_MathFeature_Latest_5_0_10_5_1
N474,0.574,0.26621,Psi_Site_Chen_MathFeature_Latest_5_0_10_5_1
N475,0.6980999999999999,0.3442,Psi_Site_Chen_MathFeature_Latest_5_0_10_5_1
N476,0.42679999999999996,0.24653,Psi_Site_Chen_MathFeature_Latest_5_0_10_5_1
N477,0.773,0.36604,Psi_Site_Chen_MathFeature_Latest_5_0_10_5_1
N478,0.4114,0.24785000000000001,Psi_Site_Chen_MathFeature_Latest_5_0_10_5_1
N479,0.5094,0.26489,Psi_Site_Chen_MathFeature_Latest_5_0_10_5_1
N480,0.6668999999999999,0.38694,Psi_Site_Chen_MathFeature_Latest_5_0_10_5_1
N481,0.7464999999999999,0.33848999999999996,Psi_Site_Chen_MathFeature_Latest_5_0_10_5_1
N482,0.799,0.35386,Psi_Site_Chen_MathFeature_Latest_5_0_10_5_1
N483,0.4234,0.27134,Psi_Site_Chen_MathFeature_Latest_5_0_10_5_1
N484,0.693,0.24867999999999998,Psi_Site_Chen_MathFeature_Latest_5_0_10_5_1
N485,0.7134999999999999,0.35641,Psi_Site_Chen_MathFeature_Latest_5_0_10_5_1
N486,0.40990000000000004,0.21719,Psi_Site_Chen_MathFeature_Latest_5_0_10_5_1
N487,0.5685,0.25925000000000004,Psi_Site_Chen_MathFeature_Latest_5_0_10_5_1
N488,0.523,0.2072,Psi_Site_Chen_MathFeature_Latest_5_0_10_5_1
N489,0.4234,0.27134,Psi_Site_Chen_MathFeature_Latest_5_0_10_5_1
N490,0.8446,0.3493,Psi_Site_Chen_MathFeature_Latest_5_0_10_5_1
N491,0.4204,0.21557,Psi_Site_Chen_MathFeature_Latest_5_0_10_5_1
N492,0.6082,0.31426,Psi_Site_Chen_MathFeature_Latest_5_0_10_5_1
N493,0.9076,0.35150000000000003,Psi_Site_Chen_MathFeature_Latest_5_0_10_5_1
N494,0.6309,0.26735,Psi_Site_Chen_MathFeature_Latest_5_0_10_5_1
N495,0.4774,0.29206000000000004,Psi_Site_Chen_MathFeature_Latest_5_0_10_5_1
